trial,active,action,correct,net_energy,energy,mass_a,mass_b,store_a,store_b,resets,mass_added,mass_lost,consumed,external,balance_error,demand_a,demand_b
0,1,1,1,0.12241594992674391,4.0,10.5,9.899999999999999,0.10949999999999997,0.45949999999999996,0,0.7140000000000006,0.7140000000000001,0.1260000000000001,0.0,0.0,0.06300000000000006,0.06300000000000006
1,1,0,1,0.1874134062226798,4.0,10.5,9.899999999999999,0.09899999999999998,0.4489999999999999,0,0.7140000000000006,0.7140000000000001,0.1260000000000001,0.0,0.0,0.06300000000000006,0.06300000000000006
2,1,0,1,0.18737313870337996,4.0,10.5,9.899999999999999,0.08849999999999997,0.43849999999999995,0,0.7140000000000006,0.7140000000000001,0.1260000000000001,0.0,0.0,0.06300000000000006,0.06300000000000006
3,1,0,1,0.18738709303834863,4.0,10.5,9.899999999999999,0.07799999999999996,0.42799999999999994,0,0.7140000000000006,0.7140000000000001,0.1260000000000001,0.0,0.0,0.06300000000000006,0.06300000000000006
4,1,0,1,0.1874253408945265,4.0,10.5,9.899999999999999,0.06749999999999995,0.4174999999999999,0,0.7140000000000006,0.7140000000000001,0.1260000000000001,0.0,0.0,0.06300000000000006,0.06300000000000006
5,1,0,1,0.18739122384435694,4.0,10.5,9.899999999999999,0.05699999999999994,0.407,0,0.7140000000000006,0.7140000000000001,0.1260000000000001,0.0,0.0,0.06300000000000006,0.06300000000000006
6,1,0,1,0.18742045216305772,4.0,10.5,9.899999999999999,0.04649999999999993,0.3964999999999999,0,0.7140000000000006,0.7140000000000001,0.1260000000000001,0.0,0.0,0.06300000000000006,0.06300000000000006
7,1,0,1,0.18741733605946556,4.0,10.5,9.899999999999999,0.03599999999999992,0.3859999999999999,0,0.7140000000000006,0.7140000000000001,0.1260000000000001,0.0,0.0,0.06300000000000006,0.06300000000000006
8,1,1,1,0.12241809697127157,4.0,10.5,9.899999999999999,0.02549999999999991,0.7254999999999998,0,0.7140000000000006,0.7140000000000001,0.1260000000000001,0.0,0.0,0.06300000000000006,0.06300000000000006
9,1,0,1,0.18732702564081058,4.0,10.5,9.899999999999999,0.014999999999999902,0.7149999999999999,0,0.7140000000000006,0.7140000000000001,0.1260000000000001,0.0,0.0,0.06300000000000006,0.06300000000000006
10,1,0,1,0.1873264489809865,4.0,10.5,9.899999999999999,0.004499999999999893,0.7044999999999999,0,0.7140000000000006,0.7140000000000001,0.1260000000000001,0.0,0.0,0.06300000000000006,0.06300000000000006
11,1,0,1,0.18738503456776195,4.0,10.289999999999996,9.899999999999999,0.0,0.694,0,0.5039999999999966,0.7140000000000001,0.08999999999999941,0.0,0.0,0.06300000000000006,0.06300000000000006
12,1,0,1,0.1873707366476035,4.0,9.929849999999995,9.899999999999999,0.0,0.6835,0,0.3465000000000003,0.7066499999999999,0.06300000000000006,0.0,0.0,0.09774000000000083,0.06300000000000006
13,1,0,1,0.18748299074383717,4.0,9.582305249999994,9.899999999999999,0.0,0.673,0,0.3465000000000003,0.6940447499999999,0.06300000000000006,0.0,0.0,0.15731910000000093,0.06300000000000006
14,1,0,1,0.18754293458520283,4.0,9.246924566249996,9.899999999999999,0.0,0.6625000000000001,0,0.3465000000000003,0.6818806837499999,0.06300000000000006,0.0,0.0,0.2148129315000008,0.06300000000000006
15,1,0,1,0.187553965163216,4.0,8.923282206431246,9.899999999999999,0.0,0.6520000000000001,0,0.3465000000000003,0.6701423598187499,0.06300000000000006,0.0,0.0,0.2702944788975007,0.06300000000000006
16,1,0,1,0.18766899238026238,4.0,8.610967329206153,9.899999999999999,0.0,0.6415000000000002,0,0.3465000000000003,0.6588148772250937,0.06300000000000006,0.0,0.0,0.32383417213608834,0.06300000000000006
17,1,0,1,0.1876486444217424,4.0,8.309583472683936,9.899999999999999,0.0,0.6310000000000002,0,0.3465000000000003,0.6478838565222154,0.06300000000000006,0.0,0.0,0.375499976111325,0.06300000000000006
18,1,0,1,0.1877737630419939,4.0,8.01874805114,9.899999999999999,0.0,0.6205000000000003,0,0.3465000000000003,0.6373354215439379,0.06300000000000006,0.0,0.0,0.42535747694742876,0.06300000000000006
19,1,0,1,0.18782321066887772,4.0,7.738091869350099,9.899999999999999,0.0,0.6100000000000003,0,0.3465000000000003,0.6271561817899,0.06300000000000006,0.0,0.0,0.47346996525426865,0.06300000000000006
20,1,0,1,0.18786130048722774,4.0,7.467258653922846,9.899999999999999,0.0,0.5995000000000004,0,0.3465000000000003,0.6173332154272535,0.06300000000000006,0.0,0.0,0.5198985164703692,0.06300000000000006
21,1,0,1,0.18786870011738105,4.0,7.205904601035546,9.899999999999999,0.0,0.5890000000000004,0,0.3465000000000003,0.6078540528872998,0.06300000000000006,0.0,0.0,0.5647020683939064,0.06300000000000006
22,1,0,1,0.187962997710542,4.0,6.953697939999303,9.899999999999999,0.0,0.5785000000000005,0,0.3465000000000003,0.5987066610362443,0.06300000000000006,0.0,0.0,0.6079374960001197,0.06300000000000006
23,1,0,1,0.1879828858662774,4.0,6.7103185120993265,9.899999999999999,0.0,0.5680000000000005,0,0.3465000000000003,0.5898794278999757,0.06300000000000006,0.0,0.0,0.6496596836401154,0.06300000000000006
24,1,0,1,0.1880398254676643,4.0,6.475457364175851,9.899999999999999,0.0,0.5575000000000006,0,0.3465000000000003,0.5813611479234764,0.06300000000000006,0.0,0.0,0.6899215947127113,0.06300000000000006
25,1,0,1,0.18811543880800807,4.0,6.248816356429696,9.899999999999999,0.0,0.5470000000000006,0,0.3465000000000003,0.5731410077461548,0.06300000000000006,0.0,0.0,0.7287743388977664,0.06300000000000006
26,1,0,1,0.18810073943714042,4.0,6.030107783954655,9.899999999999999,0.0,0.5365000000000006,0,0.3465000000000003,0.5652085724750393,0.06300000000000006,0.0,0.0,0.7662672370363447,0.06300000000000006
27,1,0,1,0.1881933790706771,4.0,5.8190540115162435,9.899999999999999,0.0,0.5260000000000007,0,0.3465000000000003,0.557553772438413,0.06300000000000006,0.0,0.0,0.8024478837400726,0.06300000000000006
28,1,1,1,0.12322116520077062,4.0,5.615387121113175,9.899999999999999,0.0,0.8655000000000007,0,0.3465000000000003,0.5501668904030685,0.06300000000000006,0.0,0.0,0.8373622078091703,0.06300000000000006
29,1,0,1,0.18819834066846042,4.0,5.4188485718742125,9.899999999999999,0.0,0.8550000000000005,0,0.3465000000000003,0.5430385492389611,0.06300000000000006,0.0,0.0,0.8710545305358489,0.06300000000000006
30,1,0,1,0.1882184280025678,4.0,5.229188871858616,9.899999999999999,0.0,0.8445000000000008,0,0.3465000000000003,0.5361597000155975,0.06300000000000006,0.0,0.0,0.9035676219670944,0.06300000000000006
31,1,0,1,0.1882266646290888,4.0,5.046167261343564,9.899999999999999,0.0,0.8340000000000006,0,0.3465000000000003,0.5295216105150516,0.06300000000000006,0.0,0.0,0.934942755198246,0.06300000000000006
32,1,0,1,0.1882488547016821,4.0,4.869551407196539,9.899999999999999,0.0,0.8235000000000009,0,0.3465000000000003,0.5231158541470249,0.06300000000000006,0.0,0.0,0.9652197587663075,0.06300000000000006
33,1,0,1,0.18828501750634422,4.0,4.6991171079446605,9.899999999999999,0.0,0.8130000000000007,0,0.3465000000000003,0.5169342992518788,0.06300000000000006,0.0,0.0,0.9944370672094869,0.06300000000000006
34,1,0,1,0.18834574617074068,4.0,4.534648009166597,9.899999999999999,0.0,0.802500000000001,0,0.3465000000000003,0.5109690987780632,0.06300000000000006,0.0,0.0,1.0226317698571545,0.06300000000000006
35,1,0,1,0.1883477971046969,4.0,4.375935328845767,9.899999999999999,0.0,0.7920000000000008,0,0.3465000000000003,0.505212680320831,0.06300000000000006,0.0,0.0,1.0498396579121543,0.06300000000000006
36,1,0,1,0.18834026776114005,4.0,4.222777592336165,9.899999999999999,0.0,0.7815000000000011,0,0.3465000000000003,0.4996577365096019,0.06300000000000006,0.0,0.0,1.0760952698852286,0.06300000000000006
37,1,0,1,0.18836690026323477,4.0,4.074980376604399,9.899999999999999,0.0,0.7710000000000009,0,0.3465000000000003,0.4942972157317659,0.06300000000000006,0.0,0.0,1.1014319354392457,0.06300000000000006
38,1,0,1,0.18839422741203427,4.0,3.932356063423245,9.899999999999999,0.0,0.7605000000000012,0,0.3465000000000003,0.4891243131811541,0.06300000000000006,0.0,0.0,1.125881817698872,0.06300000000000006
39,1,0,1,0.18845856212315443,4.0,3.7947236012034313,9.899999999999999,0.0,0.750000000000001,0,0.3465000000000003,0.48413246221981365,0.06300000000000006,0.0,0.0,1.1494759540794115,0.06300000000000006
40,1,1,1,0.1234593090941122,4.0,3.661908275161311,9.899999999999999,0.0,1.089500000000001,0,0.3465000000000003,0.4793153260421201,0.06300000000000006,0.0,0.0,1.1722442956866324,0.06300000000000006
41,1,0,1,0.18844123464500073,4.0,3.5337414855306655,9.899999999999999,0.0,1.0790000000000008,0,0.3465000000000003,0.47466678963064596,0.06300000000000006,0.0,0.0,1.1942157453376,0.06300000000000006
42,1,0,1,0.18846950099860788,4.0,3.4100605335370915,9.899999999999999,0.0,1.0685000000000011,0,0.3465000000000003,0.47018095199357324,0.06300000000000006,0.0,0.0,1.2154181942507842,0.06300000000000006
43,1,0,1,0.18848943892750877,4.0,3.2907084148632935,9.899999999999999,0.0,1.0580000000000014,0,0.3465000000000003,0.4658521186737983,0.06300000000000006,0.0,0.0,1.2358785574520068,0.06300000000000006
44,1,0,1,0.1884856273221629,4.0,3.175533620343078,9.899999999999999,0.0,1.0475000000000012,0,0.3465000000000003,0.46167479452021537,0.06300000000000006,0.0,0.0,1.2556228079411866,0.06300000000000006
45,1,1,1,0.12352397461369727,4.0,3.0643899436310704,9.899999999999999,0.0,1.3870000000000013,0,0.3465000000000003,0.4576436767120078,0.06300000000000006,0.0,0.0,1.2746760096632452,0.06300000000000006
46,1,0,1,0.18850787350426204,4.0,2.9571362956039824,9.899999999999999,0.0,1.3765000000000016,0,0.3465000000000003,0.45375364802708756,0.06300000000000006,0.0,0.0,1.2930623493250313,0.06300000000000006
47,1,0,1,0.1885024622271815,4.0,2.8536365252578433,9.899999999999999,0.0,1.3660000000000014,0,0.3465000000000003,0.4499997703461394,0.06300000000000006,0.0,0.0,1.3108051670986554,0.06300000000000006
48,1,1,1,0.1235009737679835,4.0,2.753759246873819,9.899999999999999,0.0,1.7055000000000013,0,0.3465000000000003,0.4463772783840245,0.06300000000000006,0.0,0.0,1.3279269862502023,0.06300000000000006
49,1,1,1,0.12351975051502061,4.0,2.657377673233235,9.899999999999999,0.0,2.0450000000000017,0,0.3465000000000003,0.44288157364058367,0.06300000000000006,0.0,0.0,1.3444495417314453,0.06300000000000006
50,1,1,1,0.12355027473847452,4.0,2.5643694546700715,9.899999999999999,0.0,2.3845000000000023,0,0.3465000000000003,0.43950821856316324,0.06300000000000006,0.0,0.0,1.3603938077708448,0.06300000000000006
51,1,1,1,0.12349632433276134,4.0,2.4746165237566196,9.899999999999999,0.0,2.724000000000002,0,0.3465000000000003,0.4362529309134526,0.06300000000000006,0.0,0.0,1.3757800244988654,0.06300000000000006
52,1,1,1,0.12350191766751963,4.0,2.3880049454251373,9.899999999999999,0.0,3.0635000000000017,0,0.3465000000000003,0.4331115783314817,0.06300000000000006,0.0,0.0,1.390627723641405,0.06300000000000006
53,1,1,1,0.12349832573391432,4.0,2.3044247723352576,9.899999999999999,0.0,3.4030000000000022,0,0.3465000000000003,0.43008017308987984,0.06300000000000006,0.0,0.0,1.4049557533139558,0.06300000000000006
54,1,1,1,0.1235170532028409,4.0,2.223769905303523,9.899999999999999,0.0,3.742500000000003,0,0.3465000000000003,0.427154867031734,0.06300000000000006,0.0,0.0,1.4187823019479675,0.06300000000000006
55,1,1,1,0.12351369462644893,4.0,2.1459379586178997,9.899999999999999,0.0,4.082000000000002,0,0.3465000000000003,0.42433194668562335,0.06300000000000006,0.0,0.0,1.4321249213797889,0.06300000000000006
56,1,1,1,0.12344960252408858,4.0,2.0708301300662733,9.899999999999999,0.0,4.421500000000001,0,0.3465000000000003,0.4216078285516265,0.06300000000000006,0.0,0.0,1.445000549131496,0.06300000000000006
57,1,1,1,0.12347595065881216,4.0,1.9983510755139533,9.899999999999999,0.0,4.761,0,0.3465000000000003,0.41897905455231954,0.06300000000000006,0.0,0.0,1.4574255299118934,0.06300000000000006
58,1,1,1,0.12346198822285186,4.0,1.9284087878709655,9.899999999999999,0.0,5.100499999999999,0,0.3465000000000003,0.41644228764298846,0.06300000000000006,0.0,0.0,1.469415636364977,0.06300000000000006
59,1,1,1,0.12344706961623791,4.0,1.8609144802954818,9.899999999999999,0.0,5.439999999999999,0,0.3465000000000003,0.41399430757548383,0.06300000000000006,0.0,0.0,1.480986089092203,0.06300000000000006
60,1,1,1,0.12348995236387643,4.0,1.7957824734851398,9.899999999999999,0.0,5.779499999999998,0,0.3465000000000003,0.41163200681034184,0.06300000000000006,0.0,0.0,1.4921515759739763,0.06300000000000006
61,1,1,1,0.1234673785924066,4.0,1.7329300869131596,9.899999999999999,0.0,6.118999999999997,0,0.3465000000000003,0.4093523865719799,0.06300000000000006,0.0,0.0,1.5029262708148867,0.06300000000000006
62,1,1,1,0.12344717700278325,4.0,1.6722775338711993,9.899999999999999,0.0,6.458499999999996,0,0.3465000000000003,0.4071525530419607,0.06300000000000006,0.0,0.0,1.513323851336366,0.06300000000000006
63,1,1,1,0.12346778505772282,4.0,1.6137478201857074,9.899999999999999,0.0,6.797999999999996,0,0.3465000000000003,0.405029713685492,0.06300000000000006,0.0,0.0,1.5233575165395932,0.06300000000000006
64,1,1,1,0.12346485616105218,4.0,1.5572666464792075,9.899999999999999,0.0,7.137499999999995,0,0.3465000000000003,0.4029811737064998,0.06300000000000006,0.0,0.0,1.5330400034607072,0.06300000000000006
65,1,1,1,0.12345708118166435,4.0,1.5027623138524353,9.899999999999999,0.0,7.476999999999994,0,0.3465000000000003,0.4010043326267723,0.06300000000000006,0.0,0.0,1.542383603339583,0.06300000000000006
66,1,1,1,0.1234705858288607,4.0,1.4501656328676003,9.899999999999999,0.0,7.816499999999993,0,0.3465000000000003,0.3990966809848352,0.06300000000000006,0.0,0.0,1.5514001772226973,0.06300000000000006
67,1,1,1,0.12347218299820022,4.0,1.399409835717234,9.899999999999999,0.0,8.155999999999993,0,0.3465000000000003,0.397255797150366,0.06300000000000006,0.0,0.0,1.5601011710199029,0.06300000000000006
68,1,1,1,0.12346767410876283,4.0,1.3504304914671306,9.899999999999999,0.0,8.495499999999993,0,0.3465000000000003,0.3954793442501032,0.06300000000000006,0.0,0.0,1.5684976300342064,0.06300000000000006
69,1,1,1,0.1234674340530042,4.0,1.3031654242657813,9.899999999999999,0.0,8.834999999999992,0,0.3465000000000003,0.3937650672013496,0.06300000000000006,0.0,0.0,1.5766002129830086,0.06300000000000006
70,1,1,1,0.1234685761558165,4.0,1.257554634416479,9.899999999999999,0.0,9.174499999999993,0,0.3465000000000003,0.39211078984930237,0.06300000000000006,0.0,0.0,1.5844192055286033,0.06300000000000006
71,1,1,1,0.12346560984313985,4.0,1.2135402222119023,9.899999999999999,0.0,9.51399999999999,0,0.3465000000000003,0.3905144122045767,0.06300000000000006,0.0,0.0,1.5919645333351022,0.06300000000000006
72,1,1,1,0.12347755047536484,4.0,1.1710663144344855,9.899999999999999,0.0,9.85349999999999,0,0.3465000000000003,0.3889739077774166,0.06300000000000006,0.0,0.0,1.599245774668374,0.06300000000000006
73,1,1,1,0.12348266361106403,4.0,1.1300789934292788,9.899999999999999,0.0,10.192999999999989,0,0.3465000000000003,0.387487321005207,0.06300000000000006,0.0,0.0,1.6062721725549807,0.06300000000000006
74,1,1,1,0.12348026001011704,4.0,1.0905262286592539,9.899999999999999,0.0,10.532499999999986,0,0.3465000000000003,0.3860527647700248,0.06300000000000006,0.0,0.0,1.6130526465155568,0.06300000000000006
75,1,1,1,0.12348260288883829,4.0,1.05235781065618,9.899999999999999,0.0,10.871999999999987,0,0.3465000000000003,0.38466841800307394,0.06300000000000006,0.0,0.0,1.619595803887512,0.06300000000000006
76,1,1,1,0.1234828575335194,4.0,1.0155252872832137,9.899999999999999,0.0,11.211499999999987,0,0.3465000000000003,0.3833325233729663,0.06300000000000006,0.0,0.0,1.6259099507514487,0.06300000000000006
77,1,1,1,0.12349257601861038,4.0,0.9799819022283012,9.899999999999999,0.0,11.550999999999986,0,0.3465000000000003,0.38204338505491253,0.06300000000000006,0.0,0.0,1.6320031024751487,0.06300000000000006
78,1,1,1,0.12349266107616604,4.0,0.9456825356503105,9.899999999999999,0.0,11.890499999999987,0,0.3465000000000003,0.3807993665779906,0.06300000000000006,0.0,0.0,1.6378829938885182,0.06300000000000006
79,1,1,1,0.12349412877002873,4.0,0.9125836469025497,9.899999999999999,0.0,12.229999999999984,0,0.3465000000000003,0.3795988887477609,0.06300000000000006,0.0,0.0,1.6435570891024205,0.06300000000000006
80,1,1,1,0.1235124493085137,4.0,0.8806432192609603,9.899999999999999,0.0,12.569499999999984,0,0.3465000000000003,0.3784404276415893,0.06300000000000006,0.0,0.0,1.6490325909838353,0.06300000000000006
81,1,1,1,0.1235102852479645,4.0,0.8498207065868268,9.899999999999999,0.0,12.908999999999983,0,0.3465000000000003,0.37732251267413364,0.06300000000000006,0.0,0.0,1.654316450299401,0.06300000000000006
82,1,1,1,0.1235190947946247,4.0,0.8200769818562877,9.899999999999999,0.0,13.24849999999998,0,0.3465000000000003,0.37624372473053896,0.06300000000000006,0.0,0.0,1.659415374538922,0.06300000000000006
83,1,1,1,0.12350915164652392,4.0,0.7913742874913178,9.899999999999999,0.0,13.587999999999981,0,0.3465000000000003,0.3752026943649701,0.06300000000000006,0.0,0.0,1.6643358364300602,0.06300000000000006
84,1,1,1,0.12351166079665117,4.0,0.7636761874291216,9.899999999999999,0.0,13.92749999999998,0,0.3465000000000003,0.37419810006219617,0.06300000000000006,0.0,0.0,1.6690840821550077,0.06300000000000006
85,1,1,1,0.12352079238554091,4.0,0.7369475208691024,9.899999999999999,0.0,14.26699999999998,0,0.3465000000000003,0.3732286665600193,0.06300000000000006,0.0,0.0,1.6736661392795822,0.06300000000000006
86,1,1,1,0.12353239891190787,4.0,0.7111543576386838,9.899999999999999,0.0,14.606499999999981,0,0.3465000000000003,0.3722931632304186,0.06300000000000006,0.0,0.0,1.678087824404797,0.06300000000000006
87,1,1,1,0.12351205968978488,4.0,0.6862639551213299,9.899999999999999,0.0,14.945999999999978,0,0.3465000000000003,0.371390402517354,0.06300000000000006,0.0,0.0,1.6823547505506293,0.06300000000000006
88,1,1,1,0.12354378241617082,4.0,0.6622447166920833,9.899999999999999,0.0,15.28549999999998,0,0.3465000000000003,0.3705192384292466,0.06300000000000006,0.0,0.0,1.686472334281357,0.06300000000000006
89,1,1,1,0.12351543346019406,4.0,0.6390661516078604,9.899999999999999,0.0,15.624999999999977,0,0.3465000000000003,0.369678565084223,0.06300000000000006,0.0,0.0,1.6904458025815094,0.06300000000000006
90,1,1,1,0.12352770369390435,4.0,0.6166988363015853,9.899999999999999,0.0,15.964499999999974,0,0.3465000000000003,0.36886731530627515,0.06300000000000006,0.0,0.0,1.6942801994911565,0.06300000000000006
91,1,1,1,0.12354094431671221,4.0,0.5951143770310299,9.899999999999999,0.0,16.303999999999977,0,0.3465000000000003,0.36808445927055555,0.06300000000000006,0.0,0.0,1.6979803925089663,0.06300000000000006
92,1,1,1,0.12355284925546849,4.0,0.5742853738349438,9.899999999999999,0.0,16.643499999999978,0,0.3465000000000003,0.3673290031960861,0.06300000000000006,0.0,0.0,1.7015510787711525,0.06300000000000006
93,1,1,1,0.12355456417849178,4.0,0.5541853857507208,9.899999999999999,0.0,16.98299999999998,0,0.3465000000000003,0.36659998808422306,0.06300000000000006,0.0,0.0,1.704996791014162,0.06300000000000006
94,1,1,1,0.12357222600181429,4.0,0.5347888972494456,9.899999999999999,0.0,17.32249999999998,0,0.3465000000000003,0.3658964885012752,0.06300000000000006,0.0,0.0,1.708321903328666,0.06300000000000006
95,1,1,1,0.12355516886353873,4.0,0.516071285845715,9.899999999999999,0.0,17.66199999999998,0,0.3465000000000003,0.36521761140373066,0.06300000000000006,0.0,0.0,1.7115306367121634,0.06300000000000006
96,1,1,1,0.12355573812499146,4.0,0.49800879084111493,9.899999999999999,0.0,18.001499999999982,0,0.3465000000000003,0.36456249500460003,0.06300000000000006,0.0,0.0,1.7146270644272372,0.06300000000000006
97,1,1,1,0.12355470296683481,4.0,0.4805784831616759,9.899999999999999,0.0,18.340999999999983,0,0.3465000000000003,0.363930307679439,0.06300000000000006,0.0,0.0,1.7176151171722842,0.06300000000000006
98,1,1,1,0.12354817097506449,4.0,0.4637582362510172,9.899999999999999,0.0,18.680499999999984,0,0.3465000000000003,0.3633202469106587,0.06300000000000006,0.0,0.0,1.7204985880712542,0.06300000000000006
99,1,1,1,0.12358249660049657,4.0,0.44752669798223166,9.899999999999999,0.0,19.019999999999985,0,0.3465000000000003,0.3627315382687856,0.06300000000000006,0.0,0.0,1.7232811374887602,0.06300000000000006
100,1,1,1,0.12356315147361498,4.0,0.43186326355285354,9.899999999999999,0.0,19.359499999999986,0,0.3465000000000003,0.36216343442937815,0.06300000000000006,0.0,0.0,1.7259662976766537,0.06300000000000006
101,1,1,1,0.12359010913306913,4.0,0.4167480493285036,9.899999999999999,0.0,19.698999999999987,0,0.3465000000000003,0.36161521422434995,0.06300000000000006,0.0,0.0,1.7285574772579708,0.06300000000000006
102,1,1,1,0.12361050611113937,4.0,0.4021618676020061,9.899999999999999,0.0,20.03849999999999,0,0.3465000000000003,0.3610861817264977,0.06300000000000006,0.0,0.0,1.7310579655539418,0.06300000000000006
103,1,1,1,0.12356692259720886,4.0,0.3880862022359358,9.899999999999999,0.0,20.37799999999999,0,0.3465000000000003,0.3605756653660702,0.06300000000000006,0.0,0.0,1.7334709367595538,0.06300000000000006
104,1,1,1,0.12358733490552004,4.0,0.3745031851576781,9.899999999999999,0.0,20.71749999999999,0,0.3465000000000003,0.36008301707825774,0.06300000000000006,0.0,0.0,1.7357994539729693,0.06300000000000006
105,1,1,1,0.12356786210936996,4.0,0.3613955736771594,9.899999999999999,0.0,21.05699999999999,0,0.3465000000000003,0.3596076114805188,0.06300000000000006,0.0,0.0,1.7380464730839154,0.06300000000000006
106,1,1,1,0.12361775989075476,4.0,0.3487467285984588,9.899999999999999,0.0,21.396499999999993,0,0.3465000000000003,0.3591488450787006,0.06300000000000006,0.0,0.0,1.7402148465259784,0.06300000000000006
107,1,1,1,0.12361415112135515,4.0,0.3365405930975128,9.899999999999999,0.0,21.735999999999994,0,0.3465000000000003,0.3587061355009461,0.06300000000000006,0.0,0.0,1.742307326897569,0.06300000000000006
108,1,1,1,0.12359327562678012,4.0,0.32476167233909975,9.899999999999999,0.0,22.075499999999995,0,0.3465000000000003,0.358278920758413,0.06300000000000006,0.0,0.0,1.7443265704561546,0.06300000000000006
109,1,1,1,0.12361148574340583,4.0,0.31339501380723134,9.899999999999999,0.0,22.414999999999996,0,0.3465000000000003,0.3578666585318685,0.06300000000000006,0.0,0.0,1.7462751404901886,0.06300000000000006
110,1,1,1,0.1236121928406559,4.0,0.3024261883239783,9.899999999999999,0.0,22.754499999999997,0,0.3465000000000003,0.3574688254832531,0.06300000000000006,0.0,0.0,1.748155510573032,0.06300000000000006
111,1,1,1,0.12359426313954154,4.0,0.291841271732639,9.899999999999999,0.0,23.093999999999998,0,0.3465000000000003,0.3570849165913393,0.06300000000000006,0.0,0.0,1.7499700677029764,0.06300000000000006
112,1,1,1,0.12359358232228752,4.0,0.28162682722199667,9.899999999999999,0.0,23.4335,0,0.3465000000000003,0.3567144445106424,0.06300000000000006,0.0,0.0,1.751721115333372,0.06300000000000006
113,1,1,1,0.12361169047733221,4.0,0.2717698882692268,9.899999999999999,0.0,23.773,0,0.3465000000000003,0.3563569389527699,0.06300000000000006,0.0,0.0,1.7534108762967038,0.06300000000000006
114,1,1,1,0.12360098815012496,4.0,0.26225794217980386,9.899999999999999,0.0,24.1125,0,0.3465000000000003,0.356011946089423,0.06300000000000006,0.0,0.0,1.7550414956263194,0.06300000000000006
115,1,1,1,0.1236088241443285,4.0,0.2530789142035107,9.899999999999999,0.0,24.452,0,0.3465000000000003,0.35567902797629314,0.06300000000000006,0.0,0.0,1.756615043279398,0.06300000000000006
116,1,1,1,0.12361601375384045,4.0,0.2442211522063878,9.899999999999999,0.0,24.791500000000003,0,0.3465000000000003,0.3553577619971229,0.06300000000000006,0.0,0.0,1.758133516764619,0.06300000000000006
117,1,1,1,0.12361018568368823,4.0,0.23567341187916424,9.899999999999999,0.0,25.131000000000004,0,0.3465000000000003,0.35504774032722364,0.06300000000000006,0.0,0.0,1.7595988436778573,0.06300000000000006
118,1,1,1,0.12364248012127767,4.0,0.2274248424633935,9.899999999999999,0.0,25.470500000000005,0,0.3465000000000003,0.3547485694157708,0.06300000000000006,0.0,0.0,1.7610128841491324,0.06300000000000006
119,1,1,1,0.1236089908394967,4.0,0.2194649729771747,9.899999999999999,0.0,25.810000000000006,0,0.3465000000000003,0.35445986948621877,0.06300000000000006,0.0,0.0,1.7623774332039128,0.06300000000000006
120,1,1,1,0.12363840526634312,4.0,0.2117836989229736,9.899999999999999,0.0,26.149500000000007,0,0.3465000000000003,0.35418127405420113,0.06300000000000006,0.0,0.0,1.7636942230417758,0.06300000000000006
121,1,1,1,0.12361868545662984,4.0,0.20437126946066958,9.899999999999999,0.0,26.489000000000008,0,0.3465000000000003,0.35391242946230406,0.06300000000000006,0.0,0.0,1.764964925235314,0.06300000000000006
122,1,1,1,0.12362517613817792,4.0,0.1972182750295461,9.899999999999999,0.0,26.82850000000001,0,0.3465000000000003,0.35365299443112347,0.06300000000000006,0.0,0.0,1.7661911528520777,0.06300000000000006
123,1,1,1,0.12361691181813735,4.0,0.19031563540351198,9.899999999999999,0.0,27.16800000000001,0,0.3465000000000003,0.35340263962603413,0.06300000000000006,0.0,0.0,1.7673744625022552,0.06300000000000006
124,1,1,1,0.12365528455264034,4.0,0.18365458816438907,9.899999999999999,0.0,27.50750000000001,0,0.3465000000000003,0.35316104723912295,0.06300000000000006,0.0,0.0,1.7685163563146762,0.06300000000000006
125,1,1,1,0.12364833419923021,4.0,0.17722667757863547,9.899999999999999,0.0,27.847000000000012,0,0.3465000000000003,0.3529279105857536,0.06300000000000006,0.0,0.0,1.7696182838436625,0.06300000000000006
126,1,1,1,0.12364355801407136,4.0,0.17102374386338326,9.899999999999999,0.0,28.186500000000013,0,0.3465000000000003,0.3527029337152523,0.06300000000000006,0.0,0.0,1.7706816439091342,0.06300000000000006
127,1,1,1,0.12363340849456916,4.0,0.16503791282816482,9.899999999999999,0.0,28.526000000000014,0,0.3465000000000003,0.35248583103521847,0.06300000000000006,0.0,0.0,1.7717077863723147,0.06300000000000006
128,1,1,1,0.12360974783421097,4.0,0.15926158587917905,9.899999999999999,0.0,28.865500000000015,0,0.3465000000000003,0.3522763269489858,0.06300000000000006,0.0,0.0,1.7726980138492832,0.06300000000000006
129,1,1,1,0.12361864322690663,4.0,0.15368743037340776,9.899999999999999,0.0,29.205000000000016,0,0.3465000000000003,0.3520741555057713,0.06300000000000006,0.0,0.0,1.7736535833645584,0.06300000000000006
130,1,1,1,0.12366404797186985,4.0,0.1483083703103385,9.899999999999999,0.0,29.544500000000017,0,0.3465000000000003,0.3518790600630693,0.06300000000000006,0.0,0.0,1.7745757079467992,0.06300000000000006
131,1,1,1,0.12364345907745213,4.0,0.14311757734947667,9.899999999999999,0.0,29.884000000000018,0,0.3465000000000003,0.35169079296086186,0.06300000000000006,0.0,0.0,1.775465558168661,0.06300000000000006
132,1,1,1,0.12366391284109714,4.0,0.13810846214224498,9.899999999999999,0.0,30.22350000000002,0,0.3465000000000003,0.3515091152072317,0.06300000000000006,0.0,0.0,1.7763242636327576,0.06300000000000006
133,1,1,1,0.1236323980300354,4.0,0.13327466596726642,9.899999999999999,0.0,30.56300000000002,0,0.3465000000000003,0.35133379617497856,0.06300000000000006,0.0,0.0,1.7771529144056115,0.06300000000000006
134,1,1,1,0.12366399823093419,4.0,0.12861005265841208,9.899999999999999,0.0,30.90250000000002,0,0.3465000000000003,0.3511646133088544,0.06300000000000006,0.0,0.0,1.777952562401415,0.06300000000000006
135,1,1,1,0.1236382206028675,4.0,0.12410870081536768,9.899999999999999,0.0,31.242000000000022,0,0.3465000000000003,0.35100135184304443,0.06300000000000006,0.0,0.0,1.7787242227173656,0.06300000000000006
136,1,1,1,0.12366319231645558,4.0,0.11976489628682979,9.899999999999999,0.0,31.581500000000023,0,0.3465000000000003,0.35084380452853786,0.06300000000000006,0.0,0.0,1.7794688749222576,0.06300000000000006
137,1,1,1,0.12361755256954866,4.0,0.11557312491679075,9.899999999999999,0.0,31.921000000000024,0,0.3465000000000003,0.35069177137003904,0.06300000000000006,0.0,0.0,1.7801874642999782,0.06300000000000006
138,1,1,1,0.12363819540595855,4.0,0.11152806554470307,9.899999999999999,0.0,32.26050000000003,0,0.3465000000000003,0.3505450593720877,0.06300000000000006,0.0,0.0,1.7808809030494794,0.06300000000000006
139,1,1,1,0.12363695256647914,4.0,0.10762458325063846,9.899999999999999,0.0,32.60000000000002,0,0.3465000000000003,0.3504034822940646,0.06300000000000006,0.0,0.0,1.7815500714427475,0.06300000000000006
140,1,1,1,0.1236499791172161,4.0,0.10385772283686612,9.899999999999999,0.0,32.93950000000002,0,0.3465000000000003,0.35026686041377236,0.06300000000000006,0.0,0.0,1.7821958189422515,0.06300000000000006
141,1,1,1,0.12365386527351091,4.0,0.10022270253757581,9.899999999999999,0.0,33.279000000000025,0,0.3465000000000003,0.35013502029929033,0.06300000000000006,0.0,0.0,1.782818965279272,0.06300000000000006
142,1,1,1,0.12365137404527757,4.0,0.09671490794876064,9.899999999999999,0.0,33.61850000000003,0,0.3465000000000003,0.35000779458881515,0.06300000000000006,0.0,0.0,1.7834203014944985,0.06300000000000006
143,1,1,1,0.12365156232826781,4.0,0.09332988617055402,9.899999999999999,0.0,33.95800000000003,0,0.3465000000000003,0.34988502177820663,0.06300000000000006,0.0,0.0,1.7840005909421903,0.06300000000000006
144,1,1,1,0.12366637227517982,4.0,0.09006334015458463,9.899999999999999,0.0,34.29750000000002,0,0.3465000000000003,0.3497665460159694,0.06300000000000006,0.0,0.0,1.7845605702592138,0.06300000000000006
145,1,1,1,0.12368355392679842,4.0,0.08691112324917416,9.899999999999999,0.0,34.63700000000003,0,0.3465000000000003,0.3496522169054105,0.06300000000000006,0.0,0.0,1.7851009503001414,0.06300000000000006
146,1,1,1,0.12368641696375263,4.0,0.08386923393545306,9.899999999999999,0.0,34.97650000000004,0,0.3465000000000003,0.3495418893137211,0.06300000000000006,0.0,0.0,1.7856224170396362,0.06300000000000006
147,1,1,1,0.12365873580461412,4.0,0.08093381074771222,9.899999999999999,0.0,35.31600000000003,0,0.3465000000000003,0.3494354231877409,0.06300000000000006,0.0,0.0,1.7861256324432493,0.06300000000000006
148,1,1,1,0.12365152408679814,4.0,0.07810112737154229,9.899999999999999,0.0,35.655500000000025,0,0.3465000000000003,0.34933268337617,0.06300000000000006,0.0,0.0,1.7866112353077361,0.06300000000000006
149,1,1,1,0.12365581528365378,4.0,0.07536758791353831,9.899999999999999,0.0,35.99500000000003,0,0.3465000000000003,0.349233539458004,0.06300000000000006,0.0,0.0,1.787079842071965,0.06300000000000006
150,1,1,1,0.12368563944612829,4.0,0.07272972233656447,9.899999999999999,0.0,36.33450000000004,0,0.3465000000000003,0.3491378655769739,0.06300000000000006,0.0,0.0,1.787532047599446,0.06300000000000006
151,1,1,1,0.12368131798072102,4.0,0.07018418205478472,9.899999999999999,0.0,36.674000000000035,0,0.3465000000000003,0.34904554028177975,0.06300000000000006,0.0,0.0,1.7879684259334654,0.06300000000000006
152,1,1,1,0.12367152474673673,4.0,0.06772773568286726,9.899999999999999,0.0,37.01350000000003,0,0.3465000000000003,0.34895644637191753,0.06300000000000006,0.0,0.0,1.788389531025794,0.06300000000000006
153,1,1,1,0.12369934633551966,4.0,0.06535726493396689,9.899999999999999,0.0,37.35300000000004,0,0.3465000000000003,0.3488704707489004,0.06300000000000006,0.0,0.0,1.7887958974398912,0.06300000000000006
154,1,1,1,0.12368967474762392,4.0,0.06306976066127806,9.899999999999999,0.0,37.692500000000045,0,0.3465000000000003,0.3487875042726889,0.06300000000000006,0.0,0.0,1.7891880410294954,0.06300000000000006
155,1,1,1,0.12369693931765176,4.0,0.060862319038133314,9.899999999999999,0.0,38.03200000000004,0,0.3465000000000003,0.34870744162314476,0.06300000000000006,0.0,0.0,1.7895664595934628,0.06300000000000006
156,1,1,1,0.12369637213039505,4.0,0.05873213787179865,9.899999999999999,0.0,38.37150000000003,0,0.3465000000000003,0.3486301811663347,0.06300000000000006,0.0,0.0,1.7899316335076922,0.06300000000000006
157,1,1,1,0.1236966814267704,4.0,0.0566765130462857,9.899999999999999,0.0,38.71100000000004,0,0.3465000000000003,0.34855562482551294,0.06300000000000006,0.0,0.0,1.7902840263349222,0.06300000000000006
158,1,1,1,0.12369530249701917,4.0,0.05469283508966571,9.899999999999999,0.0,39.05050000000005,0,0.3465000000000003,0.34848367795662005,0.06300000000000006,0.0,0.0,1.7906240854132,0.06300000000000006
159,1,1,1,0.12370034173970712,4.0,0.05277858586152741,9.899999999999999,0.0,39.39000000000004,0,0.3465000000000003,0.34841424922813835,0.06300000000000006,0.0,0.0,1.790952242423738,0.06300000000000006
160,1,1,1,0.12371584612267929,4.0,0.050931335356373945,9.899999999999999,0.0,39.72950000000004,0,0.3465000000000003,0.3483472505051535,0.06300000000000006,0.0,0.0,1.791268913938907,0.06300000000000006
161,1,1,1,0.12365577207529307,4.0,0.04914873861890086,9.899999999999999,0.0,40.069000000000045,0,0.3465000000000003,0.34828259673747314,0.06300000000000006,0.0,0.0,1.7915745019510454,0.06300000000000006
162,1,1,1,0.12368914985244783,4.0,0.04742853276723934,9.899999999999999,0.0,40.40850000000005,0,0.3465000000000003,0.3482202058516616,0.06300000000000006,0.0,0.0,1.791869394382759,0.06300000000000006
163,1,1,1,0.12365707011582305,4.0,0.04576853412038595,9.899999999999999,0.0,40.74800000000005,0,0.3465000000000003,0.3481599986468534,0.06300000000000006,0.0,0.0,1.7921539655793626,0.06300000000000006
164,1,1,1,0.12369812637314066,4.0,0.044166635426172454,9.899999999999999,0.0,41.08750000000004,0,0.3465000000000003,0.34810189869421354,0.06300000000000006,0.0,0.0,1.7924285767840844,0.06300000000000006
165,1,1,1,0.1237046889019203,4.0,0.04262080318625641,9.899999999999999,0.0,41.42700000000005,0,0.3465000000000003,0.34804583223991603,0.06300000000000006,0.0,0.0,1.7926935765966419,0.06300000000000006
166,1,1,1,0.12370839194530658,4.0,0.04112907507473744,9.899999999999999,0.0,41.76650000000006,0,0.3465000000000003,0.347991728111519,0.06300000000000006,0.0,0.0,1.7929493014157594,0.06300000000000006
167,1,1,1,0.12367620229472687,4.0,0.03968955744712163,9.899999999999999,0.0,42.10600000000005,0,0.3465000000000003,0.3479395176276159,0.06300000000000006,0.0,0.0,1.7931960758662073,0.06300000000000006
168,1,1,1,0.1237198592481032,4.0,0.03830042293647238,9.899999999999999,0.0,42.445500000000045,0,0.3465000000000003,0.3478891345106493,0.06300000000000006,0.0,0.0,1.7934342132108905,0.06300000000000006
169,1,1,1,0.1236680537177793,4.0,0.036959908133695846,9.899999999999999,0.0,42.78500000000005,0,0.3465000000000003,0.34784051480277656,0.06300000000000006,0.0,0.0,1.7936640157485093,0.06300000000000006
170,1,1,1,0.12371045556416209,4.0,0.03566631134901649,9.899999999999999,0.0,43.12450000000006,0,0.3465000000000003,0.34779359678467936,0.06300000000000006,0.0,0.0,1.7938857751973114,0.06300000000000006
171,1,1,1,0.12370905936833057,4.0,0.03441799045180092,9.899999999999999,0.0,43.464000000000055,0,0.3465000000000003,0.34774832089721563,0.06300000000000006,0.0,0.0,1.7940997730654051,0.06300000000000006
172,1,1,1,0.12366419132133287,4.0,0.03321336078598788,9.899999999999999,0.0,43.80350000000005,0,0.3465000000000003,0.3477046296658131,0.06300000000000006,0.0,0.0,1.7943062810081163,0.06300000000000006
173,1,1,1,0.12369310582936359,4.0,0.032050893158478304,9.899999999999999,0.0,44.14300000000006,0,0.3465000000000003,0.34766246762750963,0.06300000000000006,0.0,0.0,1.794505561172832,0.06300000000000006
174,1,1,1,0.12367769747803503,4.0,0.030929111897931565,9.899999999999999,0.0,44.482500000000066,0,0.3465000000000003,0.34762178126054677,0.06300000000000006,0.0,0.0,1.7946978665317832,0.06300000000000006
175,1,1,1,0.12368042795327806,4.0,0.02984659298150396,9.899999999999999,0.0,44.82200000000006,0,0.3465000000000003,0.34758251891642766,0.06300000000000006,0.0,0.0,1.7948834412031707,0.06300000000000006
176,1,1,1,0.1236770294561896,4.0,0.02880196222715132,9.899999999999999,0.0,45.16150000000005,0,0.3465000000000003,0.34754463075435266,0.06300000000000006,0.0,0.0,1.7950625207610598,0.06300000000000006
177,1,1,1,0.12372441920639657,4.0,0.027793893549201025,9.899999999999999,0.0,45.50100000000006,0,0.3465000000000003,0.3475080686779503,0.06300000000000006,0.0,0.0,1.7952353325344228,0.06300000000000006
178,1,1,1,0.12369458963076825,4.0,0.026821107274978988,9.899999999999999,0.0,45.84050000000007,0,0.3465000000000003,0.34747278627422207,0.06300000000000006,0.0,0.0,1.795402095895718,0.06300000000000006
179,1,1,1,0.12370592108215571,4.0,0.025882368520354727,9.899999999999999,0.0,46.180000000000064,0,0.3465000000000003,0.3474387387546243,0.06300000000000006,0.0,0.0,1.7955630225393675,0.06300000000000006
180,1,1,1,0.12371518102864623,4.0,0.02497648562214231,9.899999999999999,0.0,46.51950000000006,0,0.3465000000000003,0.34740588289821245,0.06300000000000006,0.0,0.0,1.7957183167504898,0.06300000000000006
181,1,1,1,0.12368410674224388,4.0,0.02410230862536733,9.899999999999999,0.0,46.859000000000066,0,0.3465000000000003,0.34737417699677503,0.06300000000000006,0.0,0.0,1.7958681756642227,0.06300000000000006
182,1,1,1,0.12370843399718551,4.0,0.023258727823479472,9.899999999999999,0.0,47.198500000000074,0,0.3465000000000003,0.3473435808018879,0.06300000000000006,0.0,0.0,1.796012789515975,0.06300000000000006
183,1,1,1,0.12373406120350779,4.0,0.022444672349657687,9.899999999999999,0.0,47.53800000000007,0,0.3465000000000003,0.3473140554738218,0.06300000000000006,0.0,0.0,1.7961523418829157,0.06300000000000006
184,1,1,1,0.12370388837795354,4.0,0.02165910881741967,9.899999999999999,0.0,47.87750000000006,0,0.3465000000000003,0.34728556353223805,0.06300000000000006,0.0,0.0,1.7962870099170136,0.06300000000000006
185,1,1,1,0.12373009876920214,4.0,0.020901040008809983,9.899999999999999,0.0,48.21700000000007,0,0.3465000000000003,0.3472580688086097,0.06300000000000006,0.0,0.0,1.7964169645699177,0.06300000000000006
186,1,1,1,0.12371539096405348,4.0,0.020169503608501636,9.899999999999999,0.0,48.55650000000008,0,0.3465000000000003,0.34723153640030835,0.06300000000000006,0.0,0.0,1.796542370809971,0.06300000000000006
187,1,1,1,0.12369734627271818,4.0,0.019463570982204078,9.899999999999999,0.0,48.89600000000007,0,0.3465000000000003,0.34720593262629756,0.06300000000000006,0.0,0.0,1.796663387831622,0.06300000000000006
188,1,1,1,0.123704216679655,4.0,0.018782345997826938,9.899999999999999,0.0,49.235500000000066,0,0.3465000000000003,0.34718122498437715,0.06300000000000006,0.0,0.0,1.7967801692575154,0.06300000000000006
189,1,1,1,0.12369254118013091,4.0,0.018124963887902995,9.899999999999999,0.0,49.575000000000074,0,0.3465000000000003,0.347157382109924,0.06300000000000006,0.0,0.0,1.7968928633335022,0.06300000000000006
190,1,1,1,0.12369738452089775,4.0,0.01749059015182639,9.899999999999999,0.0,49.91450000000008,0,0.3465000000000003,0.34713437373607664,0.06300000000000006,0.0,0.0,1.7970016131168298,0.06300000000000006
191,1,1,1,0.12368429989433559,4.0,0.01687841949651247,9.899999999999999,0.0,50.254000000000076,0,0.3465000000000003,0.34711217065531397,0.06300000000000006,0.0,0.0,1.7971065566577407,0.06300000000000006
192,1,1,1,0.12369165046004059,4.0,0.01628767481413453,9.899999999999999,0.0,50.59350000000007,0,0.3465000000000003,0.34709074468237794,0.06300000000000006,0.0,0.0,1.7972078271747194,0.06300000000000006
193,1,1,1,0.12373949398356791,4.0,0.015717606195639822,9.899999999999999,0.0,50.93300000000008,0,0.3465000000000003,0.34707006861849476,0.06300000000000006,0.0,0.0,1.7973055532236046,0.06300000000000006
194,1,1,1,0.12373361905111803,4.0,0.015167489978792428,9.899999999999999,0.0,51.272500000000086,0,0.3465000000000003,0.3470501162168474,0.06300000000000006,0.0,0.0,1.797399858860778,0.06300000000000006
195,1,1,1,0.1236934871111136,4.0,0.014636627829534694,9.899999999999999,0.0,51.61200000000008,0,0.3465000000000003,0.34703086214925777,0.06300000000000006,0.0,0.0,1.797490863800651,0.06300000000000006
196,1,1,1,0.12372639531552977,4.0,0.014124345855500977,9.899999999999999,0.0,51.951500000000074,0,0.3465000000000003,0.3470122819740338,0.06300000000000006,0.0,0.0,1.7975786835676282,0.06300000000000006
197,1,1,1,0.12369098713588285,4.0,0.013629993750558445,9.899999999999999,0.0,52.291000000000075,0,0.3465000000000003,0.34699435210494256,0.06300000000000006,0.0,0.0,1.7976634296427614,0.06300000000000006
198,1,1,1,0.12369741899829269,4.0,0.0131529439692889,9.899999999999999,0.0,52.63050000000009,0,0.3465000000000003,0.3469770497812696,0.06300000000000006,0.0,0.0,1.7977452096052648,0.06300000000000006
199,1,1,1,0.12369306766161466,4.0,0.012692590930363786,9.899999999999999,0.0,52.970000000000084,0,0.3465000000000003,0.34696035303892514,0.06300000000000006,0.0,0.0,1.7978241272690805,0.06300000000000006
200,1,1,1,0.12368445169240301,4.0,0.012248350247801054,9.899999999999999,0.0,53.30950000000008,0,0.3465000000000003,0.34694424068256274,0.06300000000000006,0.0,0.0,1.7979002828146624,0.06300000000000006
201,1,1,1,0.12371771318664752,4.0,0.011819657989128016,9.899999999999999,0.0,53.64900000000009,0,0.3465000000000003,0.34692869225867307,0.06300000000000006,0.0,0.0,1.7979737729161493,0.06300000000000006
202,1,1,1,0.12372508616113886,4.0,0.011405969959508537,9.899999999999999,0.0,53.988500000000094,0,0.3465000000000003,0.3469136880296195,0.06300000000000006,0.0,0.0,1.7980446908640844,0.06300000000000006
203,1,1,1,0.12373592051058023,4.0,0.01100676101092574,9.899999999999999,0.0,54.32800000000009,0,0.3465000000000003,0.34689920894858284,0.06300000000000006,0.0,0.0,1.7981131266838413,0.06300000000000006
204,1,1,1,0.12368840285085994,4.0,0.010621524375543336,9.899999999999999,0.0,54.66750000000008,0,0.3465000000000003,0.34688523663538245,0.06300000000000006,0.0,0.0,1.7981791672499063,0.06300000000000006
205,1,1,1,0.12373367856290753,4.0,0.01024977102239932,9.899999999999999,0.0,55.00700000000008,0,0.3465000000000003,0.3468717533531441,0.06300000000000006,0.0,0.0,1.7982428963961599,0.06300000000000006
206,1,1,1,0.12373093252400569,4.0,0.009891029036615342,9.899999999999999,0.0,55.3465000000001,0,0.3465000000000003,0.34685874198578404,0.06300000000000006,0.0,0.0,1.798304395022295,0.06300000000000006
207,1,1,1,0.12369878968891482,4.0,0.009544843020333807,9.899999999999999,0.0,55.68600000000009,0,0.3465000000000003,0.3468461860162816,0.06300000000000006,0.0,0.0,1.798363741196514,0.06300000000000006
208,1,1,1,0.12370574400807634,4.0,0.009210773514622121,9.899999999999999,0.0,56.025500000000086,0,0.3465000000000003,0.3468340695057117,0.06300000000000006,0.0,0.0,1.7984210102546363,0.06300000000000006
209,1,1,1,0.12370171849350049,4.0,0.008888396441610347,9.899999999999999,0.0,56.3650000000001,0,0.3465000000000003,0.34682237707301183,0.06300000000000006,0.0,0.0,1.7984762748957237,0.06300000000000006
210,1,1,1,0.12371377933510126,4.0,0.008577302566153983,9.899999999999999,0.0,56.7045000000001,0,0.3465000000000003,0.34681109387545644,0.06300000000000006,0.0,0.0,1.7985296052743733,0.06300000000000006
211,1,1,1,0.12370040115613887,4.0,0.008277096976338594,9.899999999999999,0.0,57.044000000000096,0,0.3465000000000003,0.3468002055898154,0.06300000000000006,0.0,0.0,1.7985810690897703,0.06300000000000006
212,1,1,1,0.12369659669243839,4.0,0.007987398582166742,9.899999999999999,0.0,57.38350000000009,0,0.3465000000000003,0.3467896983941719,0.06300000000000006,0.0,0.0,1.7986307316716288,0.06300000000000006
213,1,1,1,0.12370635767886237,4.0,0.007707839631790909,9.899999999999999,0.0,57.72300000000009,0,0.3465000000000003,0.3467795589503759,0.06300000000000006,0.0,0.0,1.7986786560631216,0.06300000000000006
214,1,1,1,0.12373203481760522,4.0,0.007438065244678226,9.899999999999999,0.0,58.06250000000011,0,0.3465000000000003,0.3467697743871127,0.06300000000000006,0.0,0.0,1.798724903100912,0.06300000000000006
215,1,1,1,0.12371038509168107,4.0,0.0071777329611144875,9.899999999999999,0.0,58.4020000000001,0,0.3465000000000003,0.34676033228356373,0.06300000000000006,0.0,0.0,1.7987695314923804,0.06300000000000006
216,1,1,1,0.12373246565998659,4.0,0.006926512307475481,9.899999999999999,0.0,58.741500000000094,0,0.3465000000000003,0.34675122065363906,0.06300000000000006,0.0,0.0,1.7988125978901472,0.06300000000000006
217,1,1,1,0.12370348674110682,4.0,0.006684084376713839,9.899999999999999,0.0,59.08100000000011,0,0.3465000000000003,0.3467424279307617,0.06300000000000006,0.0,0.0,1.798854156963992,0.06300000000000006
218,1,1,1,0.1237499853056512,4.0,0.006450141423528856,9.899999999999999,0.0,59.42050000000011,0,0.3465000000000003,0.346733942953185,0.06300000000000006,0.0,0.0,1.798894261470252,0.06300000000000006
219,1,1,1,0.12372674468906068,4.0,0.006224386473705345,9.899999999999999,0.0,59.760000000000105,0,0.3465000000000003,0.34672575494982355,0.06300000000000006,0.0,0.0,1.798932962318793,0.06300000000000006
220,1,1,1,0.1236886418275718,4.0,0.006006532947125658,9.899999999999999,0.0,60.0995000000001,0,0.3465000000000003,0.3467178535265797,0.06300000000000006,0.0,0.0,1.7989703086376356,0.06300000000000006
221,1,1,1,0.12371546264575536,4.0,0.0057963042939762595,9.899999999999999,0.0,60.4390000000001,0,0.3465000000000003,0.3467102286531494,0.06300000000000006,0.0,0.0,1.7990063478353187,0.06300000000000006
222,1,1,1,0.12371515485138031,4.0,0.00559343364368709,9.899999999999999,0.0,60.778500000000115,0,0.3465000000000003,0.3467028706502892,0.06300000000000006,0.0,0.0,1.7990411256610823,0.06300000000000006
223,1,1,1,0.12374221362080194,4.0,0.0053976634661580414,9.899999999999999,0.0,61.11800000000011,0,0.3465000000000003,0.34669577017752906,0.06300000000000006,0.0,0.0,1.799074686262944,0.06300000000000006
224,1,1,1,0.1237165736659827,4.0,0.00520874524484251,9.899999999999999,0.0,61.4575000000001,0,0.3465000000000003,0.3466889182213156,0.06300000000000006,0.0,0.0,1.7991070722437412,0.06300000000000006
225,1,1,1,0.1237404525545131,4.0,0.0050264391612730224,9.899999999999999,0.0,61.79700000000012,0,0.3465000000000003,0.34668230608356954,0.06300000000000006,0.0,0.0,1.7991383247152104,0.06300000000000006
226,1,1,1,0.12370219184961562,4.0,0.004850513790628467,9.899999999999999,0.0,62.13650000000012,0,0.3465000000000003,0.34667592537064457,0.06300000000000006,0.0,0.0,1.799168483350178,0.06300000000000006
227,1,1,1,0.12372018181385191,4.0,0.004680745807956471,9.899999999999999,0.0,62.47600000000011,0,0.3465000000000003,0.346669767982672,0.06300000000000006,0.0,0.0,1.799197586432922,0.06300000000000006
228,1,1,1,0.12375128498988673,4.0,0.004516919704677994,9.899999999999999,0.0,62.81550000000011,0,0.3465000000000003,0.3466638261032785,0.06300000000000006,0.0,0.0,1.7992256709077694,0.06300000000000006
229,1,1,1,0.12375076766744658,4.0,0.004358827515014264,9.899999999999999,0.0,63.15500000000011,0,0.3465000000000003,0.34665809218966376,0.06300000000000006,0.0,0.0,1.7992527724259972,0.06300000000000006
230,1,1,1,0.12374497314854728,4.0,0.004206268551988766,9.899999999999999,0.0,63.49450000000012,0,0.3465000000000003,0.3466525589630255,0.06300000000000006,0.0,0.0,1.799278925391088,0.06300000000000006
231,1,1,1,0.12373751680523201,4.0,0.004059049152669159,9.899999999999999,0.0,63.83400000000012,0,0.3465000000000003,0.34664721939931964,0.06300000000000006,0.0,0.0,1.7993041630023996,0.06300000000000006
232,1,1,1,0.12372603039738192,4.0,0.003916982432325738,9.899999999999999,0.0,64.17350000000012,0,0.3465000000000003,0.3466420667203434,0.06300000000000006,0.0,0.0,1.7993285172973155,0.06300000000000006
233,1,1,1,0.12372502956968806,4.0,0.0037798880471943373,9.899999999999999,0.0,64.51300000000013,0,0.3465000000000003,0.34663709438513146,0.06300000000000006,0.0,0.0,1.7993520191919095,0.06300000000000006
234,1,1,1,0.12371052597353786,4.0,0.0036475919655425356,9.899999999999999,0.0,64.85250000000012,0,0.3465000000000003,0.3466322960816518,0.06300000000000006,0.0,0.0,1.7993746985201928,0.06300000000000006
235,1,1,1,0.12372359155625257,4.0,0.003519926246748547,9.899999999999999,0.0,65.19200000000012,0,0.3465000000000003,0.346627665718794,0.06300000000000006,0.0,0.0,1.7993965840719857,0.06300000000000006
236,1,1,1,0.12370212521302812,4.0,0.0033967288281123477,9.899999999999999,0.0,65.53150000000012,0,0.3465000000000003,0.34662319741863623,0.06300000000000006,0.0,0.0,1.7994177036294665,0.06300000000000006
237,1,1,1,0.12375795295310915,4.0,0.0032778433191284154,9.899999999999999,0.0,65.87100000000011,0,0.3465000000000003,0.34661888550898395,0.06300000000000006,0.0,0.0,1.7994380840024349,0.06300000000000006
238,1,1,1,0.12371520369295379,4.0,0.003163118802958921,9.899999999999999,0.0,66.21050000000012,0,0.3465000000000003,0.3466147245161696,0.06300000000000006,0.0,0.0,1.7994577510623497,0.06300000000000006
239,1,1,1,0.12374656862856338,4.0,0.003052409644855359,9.899999999999999,0.0,66.55000000000013,0,0.3465000000000003,0.34661070915810355,0.06300000000000006,0.0,0.0,1.7994767297751675,0.06300000000000006
