seed,variant,phase,planned,actual,policy_parameters
118,neural_q,pre,768,768,163
118,neural_q,acquisition,1536,1536,163
118,neural_q,dependency,1536,1536,163
118,neural_q,rescue,1536,1536,163
118,neural_q,sham,1536,1445,163
118,neural_q,lost_usefulness,1536,1138,163
118,frozen_neural_q,pre,768,768,163
118,frozen_neural_q,acquisition,1536,1536,163
118,frozen_neural_q,dependency,1536,1536,163
118,frozen_neural_q,rescue,1536,1536,163
118,frozen_neural_q,sham,1536,794,163
118,frozen_neural_q,lost_usefulness,1536,270,163
118,tabular_q,pre,768,768,36
118,tabular_q,acquisition,1536,1536,36
118,tabular_q,dependency,1536,1536,36
118,tabular_q,rescue,1536,1536,36
118,tabular_q,sham,1536,1499,36
118,tabular_q,lost_usefulness,1536,1536,36
118,fixed_drive_q,pre,768,768,163
118,fixed_drive_q,acquisition,1536,1536,163
118,fixed_drive_q,dependency,1536,1536,163
118,fixed_drive_q,rescue,1536,1536,163
118,fixed_drive_q,sham,1536,1447,163
118,fixed_drive_q,lost_usefulness,1536,589,163
