batch,loss,successful_exploratory_trials
0,1.5817149527766543,16
25,0.8666975345778405,19
50,0.2416645506633432,23
75,0.0954432188513066,23
100,0.03146694627962724,16
125,0.01973974249909082,14
150,0.017954360186173204,19
175,0.015074965935892744,19
200,0.009242942446681477,13
225,0.007306195159911096,11
250,0.00803021490112046,16
275,0.0073450986041735025,19
300,0.00729253766468296,21
325,0.0036758083245992715,14
350,0.004659015170551614,17
375,0.002035364784144629,9
400,0.004025484528237703,16
425,0.0024997216578029795,13
450,0.002682108679542386,13
475,0.0022469085254218568,15
500,0.002400175707818366,15
525,0.0025556836769289383,18
550,0.0024837552096838257,20
575,0.0021315966351083053,18
600,0.0010862431056288995,10
625,0.0013489803918136465,15
650,0.000975429855216326,11
675,0.001283569600598149,16
699,0.00045249908430827356,6
