trial,active,action,correct,net_energy,energy,mass_a,mass_b,store_a,store_b,resets,mass_added,mass_lost,consumed,overflow,external,balance_error,demand_a,demand_b
0,1,0,1,0.07095009497421666,4.0,21.46211553848539,16.227864096567934,0.10498604441338566,0.1040371147838739,0,1.0660615234142674,0.9390748233753605,0.18586104481644256,0.0,0.0,0.0,0.09008373351968597,0.09577731129675662
1,1,0,1,0.07085353713276683,4.0,21.461011154429606,16.413867422540264,0.0893967588662234,0.08705133526732826,0,1.1271484327928774,0.9422494908763331,0.1954503903822474,0.0,0.0,0.0,0.0935357132829736,0.10191467709927379
2,1,0,1,0.07091593931007784,4.0,21.4428529437972,16.563287595982086,0.07430175299749604,0.0707358305645228,0,1.0781339272336667,0.9468719644242468,0.1884630634291969,0.0,0.0,0.0,0.09057003521236412,0.09789302821683278
3,1,0,1,0.07094110577546325,4.0,21.422085541646236,16.69588281443093,0.05933588367662096,0.05484446408478571,0,1.061981329792363,0.9501535134944823,0.18514341480367302,0.0,0.0,0.0,0.08979521592525053,0.0953481988784225
4,1,0,1,0.07085979083279666,4.0,21.42059305610651,16.859217672809937,0.043777300859950345,0.0381436987194904,0,1.1147915817412057,0.9529492089019294,0.1935560890917955,0.0,0.0,0.0,0.0933514969000237,0.10020459219177186
5,1,0,1,0.07089689387602485,4.0,21.405642221268767,16.992257969747186,0.0286164663903013,0.021969264867892257,0,1.075084730322418,0.9569952682229111,0.18801160992748317,0.0,0.0,0.0,0.09096500681789427,0.09704660310958889
6,1,0,1,0.07080967887803324,4.0,21.412838057049598,17.081283657391936,0.012786300779920984,0.006659874680016313,0,1.0561690282009835,0.9599475047753989,0.18683733478953754,0.0,0.0,0.0,0.09498099366228188,0.10150086745763678
7,1,0,1,0.07079311100885,4.0,21.24367566411945,16.825650584675813,0.0014094740490523114,0.0005052802326254088,0,0.5375575772147625,0.9623530428610385,0.10518852706955746,0.0,0.0,0.0,0.09509473072664762,0.10173694914244158
8,1,0,1,0.07080123948753131,4.0,20.74352891622091,16.417136045641925,0.0,0.0,0,0.04307186928745572,0.9517331562198816,0.011488525690066321,0.0,0.0,0.0,0.09643343490433182,0.1023402488416492
9,1,0,1,0.07097575931006082,4.0,20.224940693315386,16.006707644500878,0.0,0.0,0,0.0,0.9290166240465709,0.0,0.0,0.0,0.0,0.09267013648439086,0.09643545950211742
10,1,0,1,0.07103856176226078,4.0,19.719317175982503,15.606539953388356,0.0,0.0,0,0.0,0.9057912084454067,0.0,0.0,0.0,0.0,0.09327168590335788,0.09561585598812652
11,1,0,1,0.07097644608770903,4.0,19.226334246582937,15.216376454553647,0.0,0.0,0,0.0,0.8831464282342716,0.0,0.0,0.0,0.0,0.09981704889024076,0.1021834484165607
12,1,0,1,0.07116936462123219,4.0,18.745675890418365,14.835967043189807,0.0,0.0,0,0.0,0.8610677675284149,0.0,0.0,0.0,0.0,0.09466341502388241,0.09496278485282916
13,1,0,1,0.07108142366495107,4.0,18.277033993157907,14.465067867110061,0.0,0.0,0,0.0,0.8395410733402043,0.0,0.0,0.0,0.0,0.10155186857172603,0.10209832347970427
14,1,0,1,0.07114401510789042,4.0,17.82010814332896,14.10344117043231,0.0,0.0,0,0.0,0.8185525465066993,0.0,0.0,0.0,0.0,0.10162753331368037,0.10132429409183025
15,1,0,1,0.07135117805133198,4.0,17.374605439745736,13.750855141171503,0.0,0.0,0,0.0,0.7980887328440318,0.0,0.0,0.0,0.0,0.09459606894962162,0.09346072433840613
16,1,0,1,0.07123569796460356,4.0,16.94024030375209,13.407083762642214,0.0,0.0,0,0.0,0.7781365145229309,0.0,0.0,0.0,0.0,0.10244441339544162,0.10089806560983419
17,1,0,1,0.07144106685120734,4.0,16.516734296158287,13.071906668576158,0.0,0.0,0,0.0,0.7586831016598578,0.0,0.0,0.0,0.0,0.09554450650561679,0.09355986488682286
18,1,0,1,0.07137327298378246,4.0,16.10381593875433,12.745109001861755,0.0,0.0,0,0.0,0.7397160241183612,0.0,0.0,0.0,0.0,0.10089020686226409,0.09816487595300741
19,1,0,1,0.07143465927067119,4.0,15.701220540285473,12.42648127681521,0.0,0.0,0,0.0,0.7212231235154022,0.0,0.0,0.0,0.0,0.10025507601038856,0.09696463612391693
20,1,0,1,0.0714834027525473,4.0,15.308690026778336,12.11581924489483,0.0,0.0,0,0.0,0.7031925454275172,0.0,0.0,0.0,0.0,0.09984624461548253,0.09589571560451332
21,1,0,1,0.07168400140340797,4.0,14.925972776108878,11.81292376377246,0.0,0.0,0,0.0,0.6856127317918292,0.0,0.0,0.0,0.0,0.09292946951983815,0.08767275806510705
22,1,0,1,0.0716126251135637,4.0,14.552823456706156,11.51760066967815,0.0,0.0,0,0.0,0.6684724134970335,0.0,0.0,0.0,0.0,0.09786949505300152,0.09244558040014425
23,1,0,1,0.07181183751179906,4.0,14.189002870288501,11.229660652936195,0.0,0.0,0,0.0,0.6517606031596077,0.0,0.0,0.0,0.0,0.09004046214445947,0.08347837776817871
24,1,0,1,0.07173049096538299,4.0,13.83427779853129,10.94891913661279,0.0,0.0,0,0.0,0.6354665880806174,0.0,0.0,0.0,0.0,0.09582267281631952,0.0885177593508043
25,1,0,1,0.07178995487715112,4.0,13.488420853568005,10.675196158197469,0.0,0.0,0,0.0,0.6195799233786019,0.0,0.0,0.0,0.0,0.09436021071785552,0.0871414493116053
26,1,0,1,0.07199008151833587,4.0,13.151210332228805,10.408316254242534,0.0,0.0,0,0.0,0.6040904252941369,0.0,0.0,0.0,0.0,0.08607187126078035,0.07866708411977137
27,1,0,1,0.07195029276259912,4.0,12.822430073923087,10.148108347886469,0.0,0.0,0,0.0,0.5889881646617836,0.0,0.0,0.0,0.0,0.08996711678234777,0.08160433494734183
28,1,0,1,0.07201377967200301,4.0,12.50186932207501,9.894405639189308,0.0,0.0,0,0.0,0.574263460545239,0.0,0.0,0.0,0.0,0.08819027087032344,0.07984180424364104
29,1,0,1,0.07208261701889283,4.0,12.189322589023135,9.647045498209575,0.0,0.0,0,0.0,0.559906874031608,0.0,0.0,0.0,0.0,0.08633254747260549,0.0773850897045362
30,1,0,1,0.07213533303008832,4.0,11.884589524297557,9.405869360754336,0.0,0.0,0,0.0,0.5459092021808178,0.0,0.0,0.0,0.0,0.08489458356434941,0.07550855094974551
31,1,0,1,0.07231678886303693,4.0,11.587474786190118,9.170722626735477,0.0,0.0,0,0.0,0.5322614721262973,0.0,0.0,0.0,0.0,0.07736707827219483,0.0688836180615668
32,1,0,1,0.07239542919378085,4.0,11.297787916535363,8.94145456106709,0.0,0.0,0,0.0,0.5189549353231399,0.0,0.0,0.0,0.0,0.07515657136091346,0.06639272244385006
33,1,0,1,0.07244365108759843,4.0,11.015343218621979,8.717918197040413,0.0,0.0,0,0.0,0.5059810619400614,0.0,0.0,0.0,0.0,0.0741298400692501,0.06468047108793215
34,1,0,1,0.07244368707971269,4.0,10.739959638156432,8.499970242114404,0.0,0.0,0,0.0,0.49333153539155983,0.0,0.0,0.0,0.0,0.07568130317072436,0.06532256149037297
35,1,0,1,0.07260684610853436,4.0,10.47146064720252,8.287470986061543,0.0,0.0,0,0.0,0.48099824700677085,0.0,0.0,0.0,0.0,0.06869586524750623,0.05935715696807823
36,1,0,1,0.07266292016612985,4.0,10.209674131022457,8.080284211410003,0.0,0.0,0,0.0,0.46897329083160155,0.0,0.0,0.0,0.0,0.06717475353200791,0.05840364686541972
37,1,0,1,0.07273567624191192,4.0,9.954432277746896,7.878277106124754,0.0,0.0,0,0.0,0.45724895856081155,0.0,0.0,0.0,0.0,0.06538833230051834,0.05564824752133633
38,1,0,1,0.07280610977320492,4.0,9.705571470803223,7.681320178471635,0.0,0.0,0,0.0,0.44581773459679125,0.0,0.0,0.0,0.0,0.06340172326606094,0.053822539545527764
39,1,0,1,0.07279325832098654,4.0,9.462932184033143,7.489287174009845,0.0,0.0,0,0.0,0.43467229123187145,0.0,0.0,0.0,0.0,0.06478131163721693,0.05439100515796029
40,1,0,1,0.07288315156380414,4.0,9.226358879432313,7.302054994659599,0.0,0.0,0,0.0,0.4238054839510747,0.0,0.0,0.0,0.0,0.06228807612397204,0.05186688243781559
41,1,0,1,0.07293912264422328,4.0,8.995699907446507,7.119503619793107,0.0,0.0,0,0.0,0.41321034685229785,0.0,0.0,0.0,0.0,0.06018772204838498,0.050431836127722444
42,1,0,1,0.07300460513955533,4.0,8.770807409760344,6.94151602929828,0.0,0.0,0,0.0,0.40288008818099036,0.0,0.0,0.0,0.0,0.05854879962804487,0.04859007905310127
43,1,0,1,0.0730836573902511,4.0,8.551537224516334,6.767978128565824,0.0,0.0,0,0.0,0.3928080859764656,0.0,0.0,0.0,0.0,0.056093911689727334,0.046669768087348386
44,1,0,1,0.07320961955785288,4.0,8.337748793903426,6.598778675351678,0.0,0.0,0,0.0,0.38298788382705395,0.0,0.0,0.0,0.0,0.05158279266885495,0.04355147285357823
45,1,0,1,0.07322075238265337,4.0,8.12930507405584,6.433809208467887,0.0,0.0,0,0.0,0.37341318673137763,0.0,0.0,0.0,0.0,0.05239367800658178,0.04318618565793943
46,1,0,1,0.07328212407665441,4.0,7.9260724472044455,6.27296397825619,0.0,0.0,0,0.0,0.36407785706309326,0.0,0.0,0.0,0.0,0.05042947429981487,0.04192160348457981
47,1,0,1,0.07341761581131928,4.0,7.727920636024334,6.116139878799785,0.0,0.0,0,0.0,0.3549759106365159,0.0,0.0,0.0,0.0,0.04594963991767431,0.03922731189364273
48,1,0,1,0.07346018181979413,4.0,7.534722620123725,5.963236381829789,0.0,0.0,0,0.0,0.346101512870603,0.0,0.0,0.0,0.0,0.04507041204445048,0.03829658907898693
49,1,0,1,0.07348928107567239,4.0,7.346354554620632,5.814155472284046,0.0,0.0,0,0.0,0.33744897504883786,0.0,0.0,0.0,0.0,0.044972665491502715,0.03751977210255464
50,1,0,1,0.07354389809076804,4.0,7.1626956907551165,5.668801585476944,0.0,0.0,0,0.0,0.3290127506726169,0.0,0.0,0.0,0.0,0.044029341186553606,0.03635767749406493
51,1,0,1,0.07365270475424371,4.0,6.983628298486238,5.52708154584002,0.0,0.0,0,0.0,0.3207874319058015,0.0,0.0,0.0,0.0,0.04060033244492258,0.03475785246122988
52,1,0,1,0.07368051567147574,4.0,6.809037591024083,5.38890450719402,0.0,0.0,0,0.0,0.3127677461081565,0.0,0.0,0.0,0.0,0.040006891696138386,0.03413772896871361
53,1,0,1,0.07374765355685763,4.0,6.6388116512484805,5.254181894514169,0.0,0.0,0,0.0,0.30494855245545255,0.0,0.0,0.0,0.0,0.03846184372656411,0.03336303511164645
54,1,0,1,0.07378986304979392,4.0,6.472841359967268,5.122827347151315,0.0,0.0,0,0.0,0.29732483864406634,0.0,0.0,0.0,0.0,0.0376106464948698,0.03274142431579551
55,1,0,1,0.07380321625495405,4.0,6.311020325968087,4.994756663472532,0.0,0.0,0,0.0,0.2898917176779646,0.0,0.0,0.0,0.0,0.03768692079305707,0.03224504287354902
56,1,0,1,0.07388205286197697,4.0,6.1532448178188845,4.869887746885719,0.0,0.0,0,0.0,0.2826444247360155,0.0,0.0,0.0,0.0,0.035763522405411356,0.03138118326033796
57,1,0,1,0.07392010407398149,4.0,5.999413697373413,4.748140553213576,0.0,0.0,0,0.0,0.27557831411761513,0.0,0.0,0.0,0.0,0.03503969054503644,0.030783009619308223
58,1,0,1,0.07397281855619481,4.0,5.849428354939077,4.629437039383236,0.0,0.0,0,0.0,0.2686888562646747,0.0,0.0,0.0,0.0,0.033857142492021645,0.030211079346082997
59,1,0,1,0.0739762894117708,4.0,5.703192646065601,4.513701113398655,0.0,0.0,0,0.0,0.26197163485805786,0.0,0.0,0.0,0.0,0.03384254940953352,0.030166818552833957
60,1,0,1,0.07402433934548266,4.0,5.5606128299139606,4.400858585563689,0.0,0.0,0,0.0,0.2554223439866064,0.0,0.0,0.0,0.0,0.03355358025692461,0.02952724042320212
61,1,0,1,0.07406506869913998,4.0,5.42159750916611,4.290837120924596,0.0,0.0,0,0.0,0.24903678538694124,0.0,0.0,0.0,0.0,0.03260270916249494,0.028764417557062688
62,1,0,1,0.07407748282480746,4.0,5.286057571436959,4.183566192901482,0.0,0.0,0,0.0,0.2428108657522677,0.0,0.0,0.0,0.0,0.03208894595488017,0.028847329223338762
63,1,0,1,0.07412156910162454,4.0,5.153906132151034,4.0789770380789445,0.0,0.0,0,0.0,0.23674059410846104,0.0,0.0,0.0,0.0,0.03183845462090949,0.028199469717874175
64,1,0,1,0.07414618482262156,4.0,5.025058478847258,3.977002612126971,0.0,0.0,0,0.0,0.2308220792557495,0.0,0.0,0.0,0.0,0.0310564432239882,0.028116944019998872
65,1,0,1,0.0741823909804122,4.0,4.8994320168760765,3.877577546823797,0.0,0.0,0,0.0,0.2250515272743558,0.0,0.0,0.0,0.0,0.030584641413693023,0.027511021393842643
66,1,0,1,0.07419375109347977,4.0,4.776946216454174,3.7806381081532026,0.0,0.0,0,0.0,0.21942523909249684,0.0,0.0,0.0,0.0,0.030416657602609896,0.0274176590938388
67,1,0,1,0.07422338818911534,4.0,4.657522561042821,3.6861221554493717,0.0,0.0,0,0.0,0.21393960811518442,0.0,0.0,0.0,0.0,0.0296295748285941,0.02735761887659187
68,1,0,1,0.07424811431119252,4.0,4.54108449701675,3.593969101563138,0.0,0.0,0,0.0,0.20859111791230484,0.0,0.0,0.0,0.0,0.029464804109503553,0.026806547365258806
69,1,0,1,0.07426695199741111,4.0,4.427557384591331,3.504119874024059,0.0,0.0,0,0.0,0.20337633996449722,0.0,0.0,0.0,0.0,0.029301759451534702,0.026820868452689463
70,1,0,1,0.07429117015129066,4.0,4.316868449976548,3.416516877173458,0.0,0.0,0,0.0,0.19829193146538476,0.0,0.0,0.0,0.0,0.028762263179542873,0.026583678744413607
71,1,0,1,0.07429691639095443,4.0,4.208946738727135,3.3311039552441213,0.0,0.0,0,0.0,0.19333463317875016,0.0,0.0,0.0,0.0,0.028457830554803044,0.026548681678666336
72,1,0,1,0.07431365310347832,4.0,4.103723070258956,3.247826356363018,0.0,0.0,0,0.0,0.1885012673492814,0.0,0.0,0.0,0.0,0.02807470253787501,0.02636331059606175
73,1,0,1,0.07433554283814489,4.0,4.001129993502483,3.1666306974539427,0.0,0.0,0,0.0,0.18378873566554937,0.0,0.0,0.0,0.0,0.027765922078971356,0.026109656326675074
74,1,0,0,-0.16564547607170615,3.834354523928294,3.9011017436649205,3.0874649300175943,0.0,0.0,0,0.0,0.17919401727391063,0.0,0.0,0.0,0.0,0.027894792833649748,0.025972638788939056
75,1,0,0,-0.16562350363505277,3.668731020293241,3.803574200073297,3.0102783067671544,0.0,0.0,0,0.0,0.17471416684206287,0.0,0.0,0.0,0.0,0.02752815213607885,0.025796824644272114
76,1,0,1,0.07438060053350873,3.74311162082675,3.7084848450714643,2.9350213490979753,0.0,0.0,0,0.0,0.1703463126710113,0.0,0.0,0.0,0.0,0.02713412844167607,0.025639752021659946
77,1,0,0,-0.16559186507652485,3.577519755750225,3.615772723944678,2.861645815370526,0.0,0.0,0,0.0,0.16608765485423602,0.0,0.0,0.0,0.0,0.027077329396153402,0.02552717731742752
78,1,0,1,0.0744402342720714,3.6519599900222968,3.5253784058460607,2.790104669986263,0.0,0.0,0,0.0,0.16193546348288013,0.0,0.0,0.0,0.0,0.02655207446345037,0.025107366202944723
79,1,0,0,-0.16555983017321246,3.4864001598490844,3.437243945699909,2.7203520532366063,0.0,0.0,0,0.0,0.1578870768958081,0.0,0.0,0.0,0.0,0.02660184058439418,0.025351148827307823
80,1,0,1,0.07445089899337694,3.560851058842461,3.351312847057412,2.652343251905691,0.0,0.0,0,0.0,0.15393989997341292,0.0,0.0,0.0,0.0,0.026173600115972712,0.025147444708634482
81,1,0,0,-0.1655290108891983,3.395322047953263,3.2675300258809763,2.586034670608049,0.0,0.0,0,0.0,0.1500914024740776,0.0,0.0,0.0,0.0,0.026173059538478823,0.024961841765762993
82,1,0,1,0.07446690351991143,3.4697889514731743,3.1858417752339516,2.5213838038428475,0.0,0.0,0,0.0,0.14633911741222566,0.0,0.0,0.0,0.0,0.025901852917990735,0.025054638565242485
83,1,0,0,-0.16550572989308326,3.304283221580091,3.106195730853103,2.4583492087467764,0.0,0.0,0,0.0,0.14268063947692,0.0,0.0,0.0,0.0,0.025810301850842314,0.024797500896539846
84,1,0,0,-0.16549031869183028,3.1387929028882606,3.028540837581776,2.3968904785281073,0.0,0.0,0,0.0,0.13911362348999698,0.0,0.0,0.0,0.0,0.02558698198793411,0.024636374863282413
85,1,0,1,0.07451641856874534,3.213309321457006,2.952827316642231,2.3369682165649044,0.0,0.0,0,0.0,0.13563578290274708,0.0,0.0,0.0,0.0,0.025437120110053675,0.024684222593166494
86,1,0,0,-0.16548182315745996,3.0478274982995464,2.8790066337261755,2.2785440111507818,0.0,0.0,0,0.0,0.1322448883301784,0.0,0.0,0.0,0.0,0.0254791691044395,0.024677712234125043
87,1,0,0,-0.16545867307170609,2.8823688252278403,2.8070314678830215,2.2215804108720123,0.0,0.0,0,0.0,0.12893876612192395,0.0,0.0,0.0,0.0,0.025235668025681387,0.024471007884907865
88,1,0,1,0.07454510435539502,2.9569139295832354,2.7368556811859452,2.166040900600212,0.0,0.0,0,0.0,0.12571529696887584,0.0,0.0,0.0,0.0,0.025094452259047204,0.024438170701278496
89,1,0,0,-0.1654432797717561,2.791470649811479,2.6684342891562967,2.111889878085207,0.0,0.0,0,0.0,0.12257241454465394,0.0,0.0,0.0,0.0,0.02498496147991927,0.024381193139271926
90,1,0,0,-0.1654240655087155,2.6260465843027636,2.601723431927389,2.0590926311330766,0.0,0.0,0,0.0,0.11950810418103759,0.0,0.0,0.0,0.0,0.02477793650951716,0.024244405647119622
91,1,0,0,-0.1654148194668894,2.460631764835874,2.536680346129205,2.00761531535475,0.0,0.0,0,0.0,0.11652040157651167,0.0,0.0,0.0,0.0,0.024751869808172903,0.024175563295982996
92,1,0,1,0.07459216133357818,2.535223926169452,2.473263337475975,1.9574249324708808,0.0,0.0,0,0.0,0.11360739153709887,0.0,0.0,0.0,0.0,0.024444101998631777,0.02417790108135304
93,1,0,1,0.07460249257680214,2.609826418746254,2.411431754039075,1.9084893091591089,0.0,0.0,0,0.0,0.11076720674867138,0.0,0.0,0.0,0.0,0.024499167556932478,0.024142837281866163
94,1,0,1,0.074598330058535,2.684424748804789,2.3511459601880986,1.8607770764301312,0.0,0.0,0,0.0,0.10799802657995461,0.0,0.0,0.0,0.0,0.024502880621859825,0.024224770507524526
95,1,0,0,-0.1653880318913057,2.5190367169134835,2.292367311183396,1.8142576495193778,0.0,0.0,0,0.0,0.10529807591545574,0.0,0.0,0.0,0.0,0.02444737276769636,0.023994519244170575
96,1,0,1,0.07462223661223524,2.593658953525719,2.2350581284038107,1.7689012082813935,0.0,0.0,0,0.0,0.10266562401756935,0.0,0.0,0.0,0.0,0.024369462852609852,0.024071191713130137
97,1,0,0,-0.16536948365679258,2.4282894698689264,2.1791816751937154,1.7246786780743586,0.0,0.0,0,0.0,0.10009898341713011,0.0,0.0,0.0,0.0,0.02447749790630818,0.023989169756669353
98,1,0,0,-0.1653592014543302,2.262930268414596,2.124702133313873,1.6815617111224999,0.0,0.0,0,0.0,0.09759650883170187,0.0,0.0,0.0,0.0,0.024315427116302593,0.023954314143426206
99,1,0,1,0.07464493392440896,2.3375752023390053,2.071584579981026,1.639522668344437,0.0,0.0,0,0.0,0.09515659611090932,0.0,0.0,0.0,0.0,0.02423671310226185,0.023983407984012085
100,1,0,0,-0.16534292984065516,2.1722322724983503,2.0197949654815,1.598534601635826,0.0,0.0,0,0.0,0.09277768120813659,0.0,0.0,0.0,0.0,0.024153364587335368,0.02380556726276947
101,1,0,0,-0.16533314900827037,2.0068991234900797,1.9693000913444627,1.5585712365949305,0.0,0.0,0,0.0,0.09045823917793316,0.0,0.0,0.0,0.0,0.023986693334300625,0.02373541372049027
102,1,0,1,0.07466991897154644,2.081569042461626,1.9200675890608512,1.5196069556800573,0.0,0.0,0,0.0,0.08819678319848484,0.0,0.0,0.0,0.0,0.023972865002723765,0.023869204487628977
103,1,0,0,-0.1653209835950969,1.9162480588665294,1.87206589933433,1.481616781788056,0.0,0.0,0,0.0,0.08599186361852271,0.0,0.0,0.0,0.0,0.023990358256944535,0.02384028006272158
104,1,0,1,0.07468489706125596,1.9909329559277853,1.8252642518509714,1.4445763622433543,0.0,0.0,0,0.0,0.08384206702805964,0.0,0.0,0.0,0.0,0.023892275536584795,0.023813486166577056
105,1,0,0,-0.16531732251027112,1.8256156334175142,1.7796326455546974,1.4084619531872704,0.0,0.0,0,0.0,0.08174601535235815,0.0,0.0,0.0,0.0,0.02395337159274252,0.023803251825341633
106,1,0,1,0.07469279328165548,1.9003084266991697,1.7351418294158298,1.3732504043575888,0.0,0.0,0,0.0,0.0797023649685492,0.0,0.0,0.0,0.0,0.023891749113886113,0.02383241662443428
107,1,0,1,0.07469915883771808,1.9750075855368878,1.6917632836804342,1.338919144248649,0.0,0.0,0,0.0,0.07770980584433547,0.0,0.0,0.0,0.0,0.023894693256485897,0.023817454880730882
108,1,0,0,-0.16529531841600217,1.8097122671208856,1.6494692015884231,1.305446165642433,0.0,0.0,0,0.0,0.07576706069822708,0.0,0.0,0.0,0.0,0.023793191808829054,0.02367405969791254
109,1,0,1,0.07470741242143374,1.8844196795423194,1.6082324715487126,1.272810011501372,0.0,0.0,0,0.0,0.07387288418077141,0.0,0.0,0.0,0.0,0.023822220184532183,0.0238184736894179
110,1,0,1,0.07471438837432692,1.9591340679166462,1.5680266597599948,1.2409897612138376,0.0,0.0,0,0.0,0.07202606207625212,0.0,0.0,0.0,0.0,0.0238297555184748,0.02379748692950212
111,1,0,1,0.07471180607205714,2.0338458739887035,1.528825993265995,1.209965017183492,0.0,0.0,0,0.0,0.0702254105243458,0.0,0.0,0.0,0.0,0.023926866469444825,0.02378928376911237
112,1,0,0,-0.16527933853232477,1.8685665354563787,1.4906053434343454,1.1797158917539043,0.0,0.0,0,0.0,0.06846977526123718,0.0,0.0,0.0,0.0,0.023884436059056244,0.02374452926730962
113,1,0,1,0.07472157315293236,1.943288108609311,1.4533402098484864,1.1502229944600568,0.0,0.0,0,0.0,0.06675803087970625,0.0,0.0,0.0,0.0,0.023873670223770148,0.023875161670255888
114,1,0,0,-0.16527134182629918,1.7780167667830118,1.4170067046022743,1.1214674195985554,0.0,0.0,0,0.0,0.06508908010771358,0.0,0.0,0.0,0.0,0.02383043228194796,0.0237607255005427
115,1,0,0,-0.1652633041050783,1.6127534626779334,1.3815815369872175,1.0934307341085916,0.0,0.0,0,0.0,0.06346185310502074,0.0,0.0,0.0,0.0,0.02377326437870158,0.023709843859929684
116,1,0,1,0.07474572900262556,1.687499191680559,1.347041998562537,1.0660949657558767,0.0,0.0,0,0.0,0.06187530677739523,0.0,0.0,0.0,0.0,0.023738005851157176,0.023739656151463062
117,1,0,0,-0.1652518852434958,1.5222473064370632,1.3133659485984737,1.0394425916119798,0.0,0.0,0,0.0,0.06032842410796035,0.0,0.0,0.0,0.0,0.02371616640662833,0.023673561866308306
118,1,0,1,0.07475520928731712,1.5970025157243803,1.2805317998835117,1.0134565268216804,0.0,0.0,0,0.0,0.058820213505261336,0.0,0.0,0.0,0.0,0.023691565823096047,0.023738968459975043
119,1,0,0,-0.16524529789642603,1.4317572178279543,1.248518504886424,0.9881201136511384,0.0,0.0,0,0.0,0.05734970816762981,0.0,0.0,0.0,0.0,0.02372480048555798,0.02369485765465355
120,1,0,1,0.07476592619105148,1.5065231440190057,1.2173055422642634,0.9634171108098598,0.0,0.0,0,0.0,0.05591596546343906,0.0,0.0,0.0,0.0,0.023611573739488412,0.023740332294017175
121,1,0,0,-0.16523056326433735,1.3412925807546683,1.1868729037076569,0.9393316830396133,0.0,0.0,0,0.0,0.05451806632685309,0.0,0.0,0.0,0.0,0.023679272693371452,0.023678249755030478
122,1,0,1,0.07476472093049182,1.41605730168516,1.1572010811149653,0.915848390963623,0.0,0.0,0,0.0,0.05315511466868175,0.0,0.0,0.0,0.0,0.023649580054131293,0.023763768541324115
123,1,0,0,-0.16522392114223997,1.2508333805429201,1.1282710540870913,0.8929521811895325,0.0,0.0,0,0.0,0.051826236801964715,0.0,0.0,0.0,0.0,0.023657466610666124,0.023694131986306904
124,1,0,1,0.0747849611469456,1.3256183416898657,1.1000642777349139,0.8706283766597942,0.0,0.0,0,0.0,0.050530580881915595,0.0,0.0,0.0,0.0,0.023615073109816174,0.023670123407367665
125,1,0,1,0.07478167477916255,1.4004000164690282,1.0725626707915412,0.8488626672432993,0.0,0.0,0,0.0,0.04926731635986771,0.0,0.0,0.0,0.0,0.023654867561719077,0.02372882146700942
126,1,2,0,-0.2302103473157868,1.1701896691532414,1.0457486040217525,0.9619537768900911,0.0,0.2460484754003971,0,0.13431267632787433,0.04803563345087101,0.02370914759761761,0.0,0.0,0.0,0.023620522873567907,0.02370914759761761
127,1,2,0,-0.2302195162966399,0.9399701528566016,1.0196048889212088,1.0717863813509114,0.0,0.4921096586928124,0,0.13388144888307252,0.050192559522796096,0.02363290024550755,0.0,0.0,0.0,0.023648061158728917,0.02363290024550755
128,1,2,0,-0.23024174793499655,0.709728404921605,0.9941147666981787,1.1795524466138598,0.0,0.49604044670883196,0,0.13456072479672143,0.05228478175680301,0.023757319747008336,1.4526579521568748,0.0,5.551115123125783e-17,0.023906406191865508,0.023757319747008336
129,1,2,0,-0.23024575272836956,0.4794826521932355,0.9692618975307241,1.2844620879558326,0.0,0.4960458795256744,0,0.13439845250731897,0.05434168033280097,0.023724722845953016,1.4762426802529915,0.0,5.551115123125783e-17,0.023920206149918757,0.023724722845953016
130,1,2,1,0.009754796671267147,0.48923744886450266,0.945030350092456,1.3867528739407846,0.0,0.49604868087853865,0,0.13440233818384784,0.05634309963716391,0.023707914728768383,1.4762752771540468,0.0,5.551115123125783e-17,0.023841032950310148,0.023707914728768383
131,1,2,0,-0.230243939297158,0.2589935095673447,0.9214045913401445,1.485561642199244,0.0,0.496071808583565,0,0.13347759010697902,0.05829458060083102,0.023569148498609797,1.4762920852712316,0.0,5.551115123125783e-17,0.023858159537991048,0.023569148498609797
132,1,2,1,0.009746552227754467,0.2687400617950991,0.898369476556641,1.5824578828894993,0.0,0.49605840409254304,0,0.1340352817452365,0.06017415583848472,0.02364957544474204,1.4764308515013902,0.0,5.551115123125783e-17,0.023845846651331017,0.02364957544474204
133,1,2,1,0.009737537651893594,0.27847759944699274,0.875910239642725,1.676803461404675,0.0,0.4960564622983026,0,0.13390702558741308,0.06202068398615351,0.023661226210184468,1.476350424555258,0.0,5.551115123125783e-17,0.023994080279554516,0.023661226210184468
134,1,2,1,0.009730044612861305,0.28820764405985405,0.8540124836516567,1.7693377535204393,0.0,0.4960469988958663,0,0.13445437865088122,0.063817842526185,0.023718006624802005,1.4763387737898153,0.0,0.0,0.024007478845757924,0.023718006624802005
135,1,2,0,-0.23026263143263012,0.05794501262722393,0.8326621715603654,1.8585663392435927,0.0,0.49607134821705673,0,0.13346202956116449,0.0655837559293024,0.023571910697659366,1.476281993375198,0.0,5.551115123125783e-17,0.02391019427354033,0.023571910697659366
136,1,2,0,-0.23027267383506936,0.0,0.8118456172713562,1.946235211615658,0.0,0.4960594983475637,0,0.13413303085315542,0.06728071277009895,0.023643009914617735,1.4764280893023405,0.0,5.551115123125783e-17,0.02398320700236147,0.023643009914617735
137,0,-1,0,0.0,0.0,0.8118456172713562,1.946235211615658,0.0,0.4960594983475637,0,0.0,0.0,0.0,0.0,0.0,0.0,0.0,0.0
138,0,-1,0,0.0,0.0,0.8118456172713562,1.946235211615658,0.0,0.4960594983475637,0,0.0,0.0,0.0,0.0,0.0,0.0,0.0,0.0
139,0,-1,0,0.0,0.0,0.8118456172713562,1.946235211615658,0.0,0.4960594983475637,0,0.0,0.0,0.0,0.0,0.0,0.0,0.0,0.0
140,0,-1,0,0.0,0.0,0.8118456172713562,1.946235211615658,0.0,0.4960594983475637,0,0.0,0.0,0.0,0.0,0.0,0.0,0.0,0.0
141,0,-1,0,0.0,0.0,0.8118456172713562,1.946235211615658,0.0,0.4960594983475637,0,0.0,0.0,0.0,0.0,0.0,0.0,0.0,0.0
142,0,-1,0,0.0,0.0,0.8118456172713562,1.946235211615658,0.0,0.4960594983475637,0,0.0,0.0,0.0,0.0,0.0,0.0,0.0,0.0
143,0,-1,0,0.0,0.0,0.8118456172713562,1.946235211615658,0.0,0.4960594983475637,0,0.0,0.0,0.0,0.0,0.0,0.0,0.0,0.0
144,0,-1,0,0.0,0.0,0.8118456172713562,1.946235211615658,0.0,0.4960594983475637,0,0.0,0.0,0.0,0.0,0.0,0.0,0.0,0.0
145,0,-1,0,0.0,0.0,0.8118456172713562,1.946235211615658,0.0,0.4960594983475637,0,0.0,0.0,0.0,0.0,0.0,0.0,0.0,0.0
146,0,-1,0,0.0,0.0,0.8118456172713562,1.946235211615658,0.0,0.4960594983475637,0,0.0,0.0,0.0,0.0,0.0,0.0,0.0,0.0
147,0,-1,0,0.0,0.0,0.8118456172713562,1.946235211615658,0.0,0.4960594983475637,0,0.0,0.0,0.0,0.0,0.0,0.0,0.0,0.0
148,0,-1,0,0.0,0.0,0.8118456172713562,1.946235211615658,0.0,0.4960594983475637,0,0.0,0.0,0.0,0.0,0.0,0.0,0.0,0.0
149,0,-1,0,0.0,0.0,0.8118456172713562,1.946235211615658,0.0,0.4960594983475637,0,0.0,0.0,0.0,0.0,0.0,0.0,0.0,0.0
150,0,-1,0,0.0,0.0,0.8118456172713562,1.946235211615658,0.0,0.4960594983475637,0,0.0,0.0,0.0,0.0,0.0,0.0,0.0,0.0
151,0,-1,0,0.0,0.0,0.8118456172713562,1.946235211615658,0.0,0.4960594983475637,0,0.0,0.0,0.0,0.0,0.0,0.0,0.0,0.0
152,0,-1,0,0.0,0.0,0.8118456172713562,1.946235211615658,0.0,0.4960594983475637,0,0.0,0.0,0.0,0.0,0.0,0.0,0.0,0.0
153,0,-1,0,0.0,0.0,0.8118456172713562,1.946235211615658,0.0,0.4960594983475637,0,0.0,0.0,0.0,0.0,0.0,0.0,0.0,0.0
154,0,-1,0,0.0,0.0,0.8118456172713562,1.946235211615658,0.0,0.4960594983475637,0,0.0,0.0,0.0,0.0,0.0,0.0,0.0,0.0
155,0,-1,0,0.0,0.0,0.8118456172713562,1.946235211615658,0.0,0.4960594983475637,0,0.0,0.0,0.0,0.0,0.0,0.0,0.0,0.0
156,0,-1,0,0.0,0.0,0.8118456172713562,1.946235211615658,0.0,0.4960594983475637,0,0.0,0.0,0.0,0.0,0.0,0.0,0.0,0.0
157,0,-1,0,0.0,0.0,0.8118456172713562,1.946235211615658,0.0,0.4960594983475637,0,0.0,0.0,0.0,0.0,0.0,0.0,0.0,0.0
158,0,-1,0,0.0,0.0,0.8118456172713562,1.946235211615658,0.0,0.4960594983475637,0,0.0,0.0,0.0,0.0,0.0,0.0,0.0,0.0
159,0,-1,0,0.0,0.0,0.8118456172713562,1.946235211615658,0.0,0.4960594983475637,0,0.0,0.0,0.0,0.0,0.0,0.0,0.0,0.0
160,0,-1,0,0.0,0.0,0.8118456172713562,1.946235211615658,0.0,0.4960594983475637,0,0.0,0.0,0.0,0.0,0.0,0.0,0.0,0.0
161,0,-1,0,0.0,0.0,0.8118456172713562,1.946235211615658,0.0,0.4960594983475637,0,0.0,0.0,0.0,0.0,0.0,0.0,0.0,0.0
162,0,-1,0,0.0,0.0,0.8118456172713562,1.946235211615658,0.0,0.4960594983475637,0,0.0,0.0,0.0,0.0,0.0,0.0,0.0,0.0
163,0,-1,0,0.0,0.0,0.8118456172713562,1.946235211615658,0.0,0.4960594983475637,0,0.0,0.0,0.0,0.0,0.0,0.0,0.0,0.0
164,0,-1,0,0.0,0.0,0.8118456172713562,1.946235211615658,0.0,0.4960594983475637,0,0.0,0.0,0.0,0.0,0.0,0.0,0.0,0.0
165,0,-1,0,0.0,0.0,0.8118456172713562,1.946235211615658,0.0,0.4960594983475637,0,0.0,0.0,0.0,0.0,0.0,0.0,0.0,0.0
166,0,-1,0,0.0,0.0,0.8118456172713562,1.946235211615658,0.0,0.4960594983475637,0,0.0,0.0,0.0,0.0,0.0,0.0,0.0,0.0
167,0,-1,0,0.0,0.0,0.8118456172713562,1.946235211615658,0.0,0.4960594983475637,0,0.0,0.0,0.0,0.0,0.0,0.0,0.0,0.0
168,0,-1,0,0.0,0.0,0.8118456172713562,1.946235211615658,0.0,0.4960594983475637,0,0.0,0.0,0.0,0.0,0.0,0.0,0.0,0.0
169,0,-1,0,0.0,0.0,0.8118456172713562,1.946235211615658,0.0,0.4960594983475637,0,0.0,0.0,0.0,0.0,0.0,0.0,0.0,0.0
170,0,-1,0,0.0,0.0,0.8118456172713562,1.946235211615658,0.0,0.4960594983475637,0,0.0,0.0,0.0,0.0,0.0,0.0,0.0,0.0
171,0,-1,0,0.0,0.0,0.8118456172713562,1.946235211615658,0.0,0.4960594983475637,0,0.0,0.0,0.0,0.0,0.0,0.0,0.0,0.0
172,0,-1,0,0.0,0.0,0.8118456172713562,1.946235211615658,0.0,0.4960594983475637,0,0.0,0.0,0.0,0.0,0.0,0.0,0.0,0.0
173,0,-1,0,0.0,0.0,0.8118456172713562,1.946235211615658,0.0,0.4960594983475637,0,0.0,0.0,0.0,0.0,0.0,0.0,0.0,0.0
174,0,-1,0,0.0,0.0,0.8118456172713562,1.946235211615658,0.0,0.4960594983475637,0,0.0,0.0,0.0,0.0,0.0,0.0,0.0,0.0
175,0,-1,0,0.0,0.0,0.8118456172713562,1.946235211615658,0.0,0.4960594983475637,0,0.0,0.0,0.0,0.0,0.0,0.0,0.0,0.0
176,0,-1,0,0.0,0.0,0.8118456172713562,1.946235211615658,0.0,0.4960594983475637,0,0.0,0.0,0.0,0.0,0.0,0.0,0.0,0.0
177,0,-1,0,0.0,0.0,0.8118456172713562,1.946235211615658,0.0,0.4960594983475637,0,0.0,0.0,0.0,0.0,0.0,0.0,0.0,0.0
178,0,-1,0,0.0,0.0,0.8118456172713562,1.946235211615658,0.0,0.4960594983475637,0,0.0,0.0,0.0,0.0,0.0,0.0,0.0,0.0
179,0,-1,0,0.0,0.0,0.8118456172713562,1.946235211615658,0.0,0.4960594983475637,0,0.0,0.0,0.0,0.0,0.0,0.0,0.0,0.0
180,0,-1,0,0.0,0.0,0.8118456172713562,1.946235211615658,0.0,0.4960594983475637,0,0.0,0.0,0.0,0.0,0.0,0.0,0.0,0.0
181,0,-1,0,0.0,0.0,0.8118456172713562,1.946235211615658,0.0,0.4960594983475637,0,0.0,0.0,0.0,0.0,0.0,0.0,0.0,0.0
182,0,-1,0,0.0,0.0,0.8118456172713562,1.946235211615658,0.0,0.4960594983475637,0,0.0,0.0,0.0,0.0,0.0,0.0,0.0,0.0
183,0,-1,0,0.0,0.0,0.8118456172713562,1.946235211615658,0.0,0.4960594983475637,0,0.0,0.0,0.0,0.0,0.0,0.0,0.0,0.0
184,0,-1,0,0.0,0.0,0.8118456172713562,1.946235211615658,0.0,0.4960594983475637,0,0.0,0.0,0.0,0.0,0.0,0.0,0.0,0.0
185,0,-1,0,0.0,0.0,0.8118456172713562,1.946235211615658,0.0,0.4960594983475637,0,0.0,0.0,0.0,0.0,0.0,0.0,0.0,0.0
186,0,-1,0,0.0,0.0,0.8118456172713562,1.946235211615658,0.0,0.4960594983475637,0,0.0,0.0,0.0,0.0,0.0,0.0,0.0,0.0
187,0,-1,0,0.0,0.0,0.8118456172713562,1.946235211615658,0.0,0.4960594983475637,0,0.0,0.0,0.0,0.0,0.0,0.0,0.0,0.0
188,0,-1,0,0.0,0.0,0.8118456172713562,1.946235211615658,0.0,0.4960594983475637,0,0.0,0.0,0.0,0.0,0.0,0.0,0.0,0.0
189,0,-1,0,0.0,0.0,0.8118456172713562,1.946235211615658,0.0,0.4960594983475637,0,0.0,0.0,0.0,0.0,0.0,0.0,0.0,0.0
190,0,-1,0,0.0,0.0,0.8118456172713562,1.946235211615658,0.0,0.4960594983475637,0,0.0,0.0,0.0,0.0,0.0,0.0,0.0,0.0
191,0,-1,0,0.0,0.0,0.8118456172713562,1.946235211615658,0.0,0.4960594983475637,0,0.0,0.0,0.0,0.0,0.0,0.0,0.0,0.0
192,0,-1,0,0.0,0.0,0.8118456172713562,1.946235211615658,0.0,0.4960594983475637,0,0.0,0.0,0.0,0.0,0.0,0.0,0.0,0.0
193,0,-1,0,0.0,0.0,0.8118456172713562,1.946235211615658,0.0,0.4960594983475637,0,0.0,0.0,0.0,0.0,0.0,0.0,0.0,0.0
194,0,-1,0,0.0,0.0,0.8118456172713562,1.946235211615658,0.0,0.4960594983475637,0,0.0,0.0,0.0,0.0,0.0,0.0,0.0,0.0
195,0,-1,0,0.0,0.0,0.8118456172713562,1.946235211615658,0.0,0.4960594983475637,0,0.0,0.0,0.0,0.0,0.0,0.0,0.0,0.0
196,0,-1,0,0.0,0.0,0.8118456172713562,1.946235211615658,0.0,0.4960594983475637,0,0.0,0.0,0.0,0.0,0.0,0.0,0.0,0.0
197,0,-1,0,0.0,0.0,0.8118456172713562,1.946235211615658,0.0,0.4960594983475637,0,0.0,0.0,0.0,0.0,0.0,0.0,0.0,0.0
198,0,-1,0,0.0,0.0,0.8118456172713562,1.946235211615658,0.0,0.4960594983475637,0,0.0,0.0,0.0,0.0,0.0,0.0,0.0,0.0
199,0,-1,0,0.0,0.0,0.8118456172713562,1.946235211615658,0.0,0.4960594983475637,0,0.0,0.0,0.0,0.0,0.0,0.0,0.0,0.0
200,0,-1,0,0.0,0.0,0.8118456172713562,1.946235211615658,0.0,0.4960594983475637,0,0.0,0.0,0.0,0.0,0.0,0.0,0.0,0.0
201,0,-1,0,0.0,0.0,0.8118456172713562,1.946235211615658,0.0,0.4960594983475637,0,0.0,0.0,0.0,0.0,0.0,0.0,0.0,0.0
202,0,-1,0,0.0,0.0,0.8118456172713562,1.946235211615658,0.0,0.4960594983475637,0,0.0,0.0,0.0,0.0,0.0,0.0,0.0,0.0
203,0,-1,0,0.0,0.0,0.8118456172713562,1.946235211615658,0.0,0.4960594983475637,0,0.0,0.0,0.0,0.0,0.0,0.0,0.0,0.0
204,0,-1,0,0.0,0.0,0.8118456172713562,1.946235211615658,0.0,0.4960594983475637,0,0.0,0.0,0.0,0.0,0.0,0.0,0.0,0.0
205,0,-1,0,0.0,0.0,0.8118456172713562,1.946235211615658,0.0,0.4960594983475637,0,0.0,0.0,0.0,0.0,0.0,0.0,0.0,0.0
206,0,-1,0,0.0,0.0,0.8118456172713562,1.946235211615658,0.0,0.4960594983475637,0,0.0,0.0,0.0,0.0,0.0,0.0,0.0,0.0
207,0,-1,0,0.0,0.0,0.8118456172713562,1.946235211615658,0.0,0.4960594983475637,0,0.0,0.0,0.0,0.0,0.0,0.0,0.0,0.0
208,0,-1,0,0.0,0.0,0.8118456172713562,1.946235211615658,0.0,0.4960594983475637,0,0.0,0.0,0.0,0.0,0.0,0.0,0.0,0.0
209,0,-1,0,0.0,0.0,0.8118456172713562,1.946235211615658,0.0,0.4960594983475637,0,0.0,0.0,0.0,0.0,0.0,0.0,0.0,0.0
210,0,-1,0,0.0,0.0,0.8118456172713562,1.946235211615658,0.0,0.4960594983475637,0,0.0,0.0,0.0,0.0,0.0,0.0,0.0,0.0
211,0,-1,0,0.0,0.0,0.8118456172713562,1.946235211615658,0.0,0.4960594983475637,0,0.0,0.0,0.0,0.0,0.0,0.0,0.0,0.0
212,0,-1,0,0.0,0.0,0.8118456172713562,1.946235211615658,0.0,0.4960594983475637,0,0.0,0.0,0.0,0.0,0.0,0.0,0.0,0.0
213,0,-1,0,0.0,0.0,0.8118456172713562,1.946235211615658,0.0,0.4960594983475637,0,0.0,0.0,0.0,0.0,0.0,0.0,0.0,0.0
214,0,-1,0,0.0,0.0,0.8118456172713562,1.946235211615658,0.0,0.4960594983475637,0,0.0,0.0,0.0,0.0,0.0,0.0,0.0,0.0
215,0,-1,0,0.0,0.0,0.8118456172713562,1.946235211615658,0.0,0.4960594983475637,0,0.0,0.0,0.0,0.0,0.0,0.0,0.0,0.0
216,0,-1,0,0.0,0.0,0.8118456172713562,1.946235211615658,0.0,0.4960594983475637,0,0.0,0.0,0.0,0.0,0.0,0.0,0.0,0.0
217,0,-1,0,0.0,0.0,0.8118456172713562,1.946235211615658,0.0,0.4960594983475637,0,0.0,0.0,0.0,0.0,0.0,0.0,0.0,0.0
218,0,-1,0,0.0,0.0,0.8118456172713562,1.946235211615658,0.0,0.4960594983475637,0,0.0,0.0,0.0,0.0,0.0,0.0,0.0,0.0
219,0,-1,0,0.0,0.0,0.8118456172713562,1.946235211615658,0.0,0.4960594983475637,0,0.0,0.0,0.0,0.0,0.0,0.0,0.0,0.0
220,0,-1,0,0.0,0.0,0.8118456172713562,1.946235211615658,0.0,0.4960594983475637,0,0.0,0.0,0.0,0.0,0.0,0.0,0.0,0.0
221,0,-1,0,0.0,0.0,0.8118456172713562,1.946235211615658,0.0,0.4960594983475637,0,0.0,0.0,0.0,0.0,0.0,0.0,0.0,0.0
222,0,-1,0,0.0,0.0,0.8118456172713562,1.946235211615658,0.0,0.4960594983475637,0,0.0,0.0,0.0,0.0,0.0,0.0,0.0,0.0
223,0,-1,0,0.0,0.0,0.8118456172713562,1.946235211615658,0.0,0.4960594983475637,0,0.0,0.0,0.0,0.0,0.0,0.0,0.0,0.0
224,0,-1,0,0.0,0.0,0.8118456172713562,1.946235211615658,0.0,0.4960594983475637,0,0.0,0.0,0.0,0.0,0.0,0.0,0.0,0.0
225,0,-1,0,0.0,0.0,0.8118456172713562,1.946235211615658,0.0,0.4960594983475637,0,0.0,0.0,0.0,0.0,0.0,0.0,0.0,0.0
226,0,-1,0,0.0,0.0,0.8118456172713562,1.946235211615658,0.0,0.4960594983475637,0,0.0,0.0,0.0,0.0,0.0,0.0,0.0,0.0
227,0,-1,0,0.0,0.0,0.8118456172713562,1.946235211615658,0.0,0.4960594983475637,0,0.0,0.0,0.0,0.0,0.0,0.0,0.0,0.0
228,0,-1,0,0.0,0.0,0.8118456172713562,1.946235211615658,0.0,0.4960594983475637,0,0.0,0.0,0.0,0.0,0.0,0.0,0.0,0.0
229,0,-1,0,0.0,0.0,0.8118456172713562,1.946235211615658,0.0,0.4960594983475637,0,0.0,0.0,0.0,0.0,0.0,0.0,0.0,0.0
230,0,-1,0,0.0,0.0,0.8118456172713562,1.946235211615658,0.0,0.4960594983475637,0,0.0,0.0,0.0,0.0,0.0,0.0,0.0,0.0
231,0,-1,0,0.0,0.0,0.8118456172713562,1.946235211615658,0.0,0.4960594983475637,0,0.0,0.0,0.0,0.0,0.0,0.0,0.0,0.0
232,0,-1,0,0.0,0.0,0.8118456172713562,1.946235211615658,0.0,0.4960594983475637,0,0.0,0.0,0.0,0.0,0.0,0.0,0.0,0.0
233,0,-1,0,0.0,0.0,0.8118456172713562,1.946235211615658,0.0,0.4960594983475637,0,0.0,0.0,0.0,0.0,0.0,0.0,0.0,0.0
234,0,-1,0,0.0,0.0,0.8118456172713562,1.946235211615658,0.0,0.4960594983475637,0,0.0,0.0,0.0,0.0,0.0,0.0,0.0,0.0
235,0,-1,0,0.0,0.0,0.8118456172713562,1.946235211615658,0.0,0.4960594983475637,0,0.0,0.0,0.0,0.0,0.0,0.0,0.0,0.0
236,0,-1,0,0.0,0.0,0.8118456172713562,1.946235211615658,0.0,0.4960594983475637,0,0.0,0.0,0.0,0.0,0.0,0.0,0.0,0.0
237,0,-1,0,0.0,0.0,0.8118456172713562,1.946235211615658,0.0,0.4960594983475637,0,0.0,0.0,0.0,0.0,0.0,0.0,0.0,0.0
238,0,-1,0,0.0,0.0,0.8118456172713562,1.946235211615658,0.0,0.4960594983475637,0,0.0,0.0,0.0,0.0,0.0,0.0,0.0,0.0
239,0,-1,0,0.0,0.0,0.8118456172713562,1.946235211615658,0.0,0.4960594983475637,0,0.0,0.0,0.0,0.0,0.0,0.0,0.0,0.0
